text,category
የመለያ መክፈቻ ሰነዶች ምንድናቸው በባህር ዳር። በፍጥነት እንዲፈታ እፈልጋለሁ,account
የብድር ወለድ መጠን ምን ያህል ነው,loan
ሰራተኛው በአክብሮት አላገለገለኝም,complaint
የመለያ ሚስጥር ቃል ማደስ እፈልጋለሁ በመቀሌ በሞባይል ባንኪንግ። መፍትሄ እፈልጋለሁ,account
የብድር ማመልከቻዬ ለምን ዘገየ። መረጃ ይስጡኝ,loan
ኤቲኤም ገንዘብ ቆርጦ አልሰጠኝም,complaint
አዲስ የባንክ መለያ መክፈት እፈልጋለሁ,account
የብድር ሂደት እንዴት ነው በኤጀንት ባንኪንግ,loan
የOTP ኮድ አልደረሰኝም በድሬዳዋ,technical issue
ብድር ለመክፈል መረጃ እፈልጋለሁ በባህር ዳር በኦንላይን ስርዓት። ምን ማድረግ አለብኝ,loan
የባንክ ክፍያዎች በጣም ከፍተኛ ናቸው። መፍትሄ እፈልጋለሁ,complaint
Transfer አልተሳካም ገንዘብ ተቆርጧል,money transfer
የባንክ ካርድ ከመለያዬ ጋር ማገናኘት እፈልጋለሁ በጎንደር,account
Account balance ማየት አልቻልኩም,account
ቅሬታዬ አልተመለሰም,complaint
Mobile banking መተግበሪያው አይከፈትም እባክዎ ይረዱኝ,technical issue
የመለያ መክፈቻ ሰነዶች ምንድናቸው,account
የወቅታዊ መለያ መክፈት እፈልጋለሁ በመቀሌ በኦንላይን ስርዓት። እባክዎ ይረዱኝ,account
የኦንላይን ክፍያ ሲስተም አልሰራም,technical issue
በባንኩ አገልግሎት አልተደሰትኩም በአዳማ በኤጀንት ባንኪንግ,complaint
የተሰጠኝ አገልግሎት ደካማ ነበር በሀዋሳ,complaint
የባንክ ክፍያዎች በጣም ከፍተኛ ናቸው በሀዋሳ በኤጀንት ባንኪንግ። መፍትሄ እፈልጋለሁ,complaint
Loan application ለመሙላት መረጃ እፈልጋለሁ,loan
ኤቲኤም ገንዘብ ቆርጦ አልሰጠኝም በድሬዳዋ,complaint
የገንዘብ መላኪያ ማረጋገጫ አልደረሰኝም በጎንደር። መረጃ ይስጡኝ,money transfer
የቤት ብድር መረጃ እፈልጋለሁ በባህር ዳር። ምን ማድረግ አለብኝ,loan
የደንበኛ አገልግሎት በጣም ዘገየ በጎንደር። መፍትሄ እፈልጋለሁ,complaint
የኤቲኤም ሲስተም ችግር አለበት በአዳማ,technical issue
የሞባይል መተግበሪያው አይሰራም በሀዋሳ በኤጀንት ባንኪንግ,technical issue
ለንግድ ብድር መውሰድ እፈልጋለሁ። በፍጥነት እንዲፈታ እፈልጋለሁ,loan
የሲስተም ችግር ተፈጥሯል በድሬዳዋ በቅርንጫፍ። መፍትሄ እፈልጋለሁ,technical issue
የቅርንጫፍ አገልግሎት የተደራጀ አይደለም። ምን ማድረግ አለብኝ,complaint
የወቅታዊ መለያ መክፈት እፈልጋለሁ። በፍጥነት እንዲፈታ እፈልጋለሁ,account
የቅርንጫፍ አገልግሎት የተደራጀ አይደለም። መረጃ ይስጡኝ,complaint
የመለያዬን መረጃ ማዘመን እፈልጋለሁ በሞባይል ባንኪንግ። በፍጥነት እንዲፈታ እፈልጋለሁ,account
መለያዬ ታግዷል እርዳታ እፈልጋለሁ በድሬዳዋ በኮል ሴንተር። እባክዎ ይረዱኝ,account
የኤቲኤም ሲስተም ችግር አለበት በድሬዳዋ። ምን ማድረግ አለብኝ,technical issue
የተላከው ገንዘብ መቼ ይደርሳል በጎንደር። በፍጥነት እንዲፈታ እፈልጋለሁ,money transfer
ATM ገንዘብ ቆርጦ አልሰጠኝም,complaint
የብድር መስፈርቶች ምንድናቸው በድሬዳዋ,loan
የተሰጠኝ አገልግሎት ደካማ ነበር,complaint
የሞባይል መተግበሪያው አይሰራም በድሬዳዋ። መረጃ ይስጡኝ,technical issue
የብድር ማመልከቻዬ ለምን ዘገየ በኦንላይን ስርዓት። መፍትሄ እፈልጋለሁ,loan
አዲስ የባንክ መለያ መክፈት እፈልጋለሁ,account
የብድር ወለድ መጠን ምን ያህል ነው በኦንላይን ስርዓት,loan
የቤት ብድር መረጃ እፈልጋለሁ። እባክዎ ይረዱኝ,loan
የባንክ ካርድ ከመለያዬ ጋር ማገናኘት እፈልጋለሁ በሞባይል ባንኪንግ,account
የባንክ ካርድ ከመለያዬ ጋር ማገናኘት እፈልጋለሁ በባህር ዳር በኤቲኤም,account
Mobile banking መተግበሪያው አይከፈትም እባክዎ ይረዱኝ,technical issue
የባንክ ክፍያዎች በጣም ከፍተኛ ናቸው። በፍጥነት እንዲፈታ እፈልጋለሁ,complaint
የወቅታዊ መለያ መክፈት እፈልጋለሁ በጎንደር። በፍጥነት እንዲፈታ እፈልጋለሁ,account
Account balance ማየት አልቻልኩም,account
የብድር ሂደት እንዴት ነው,loan
የመለያ ቀሪ ሂሳብ መፈተሽ እፈልጋለሁ በሀዋሳ። እባክዎ ይረዱኝ,account
ባንኩ መረጃውን ግልጽ አላደረገም,complaint
OTP code አልደረሰኝም ግብይት ማጠናቀቅ አልቻልኩም,technical issue
የገንዘብ ማስተላለፍ ክፍያ ምን ያህል ነው። መፍትሄ እፈልጋለሁ,money transfer
ለንግድ ብድር መውሰድ እፈልጋለሁ በአዳማ። እባክዎ ይረዱኝ,loan
ሰራተኛው በአክብሮት አላገለገለኝም በአዲስ አበባ በቅርንጫፍ። በፍጥነት እንዲፈታ እፈልጋለሁ,complaint
የሲስተም ችግር ተፈጥሯል። በፍጥነት እንዲፈታ እፈልጋለሁ,technical issue
መለያዬ ታግዷል እርዳታ እፈልጋለሁ። እባክዎ ይረዱኝ,account
የደንበኛ አገልግሎት በጣም ዘገየ በባህር ዳር በኦንላይን ስርዓት,complaint
ኤቲኤም ገንዘብ ቆርጦ አልሰጠኝም,complaint
ቅሬታዬ አልተመለሰም,complaint
የተላከው ገንዘብ መቼ ይደርሳል በኦንላይን ስርዓት። እባክዎ ይረዱኝ,money transfer
የመለያ ሚስጥር ቃል ማደስ እፈልጋለሁ,account
የውጭ ሀገር ገንዘብ መቀበል እፈልጋለሁ በጎንደር,money transfer
ብድር ለመክፈል መረጃ እፈልጋለሁ በመቀሌ። እባክዎ ይረዱኝ,loan
ሰራተኛው በአክብሮት አላገለገለኝም። ምን ማድረግ አለብኝ,complaint
መተግበሪያው በጣም ይዘገያል በአዳማ። ምን ማድረግ አለብኝ,technical issue
OTP code አልደረሰኝም ግብይት ማጠናቀቅ አልቻልኩም,technical issue
የገንዘብ ማስተላለፍ ክፍያ ምን ያህል ነው,money transfer
ሰራተኛው በአክብሮት አላገለገለኝም በድሬዳዋ በቅርንጫፍ,complaint
የተማሪ ብድር አለ ወይ በኮል ሴንተር። ምን ማድረግ አለብኝ,loan
የሞባይል መተግበሪያው አይሰራም በሀዋሳ,technical issue
የመለያዬን ቁጥር ረሳሁ,account
ባንኩ መረጃውን ግልጽ አላደረገም በአዳማ,complaint
Account balance ማየት አልቻልኩም,account
የተሰጠኝ አገልግሎት ደካማ ነበር በሀዋሳ በኤቲኤም። እባክዎ ይረዱኝ,complaint
የመለያዬን መረጃ ማዘመን እፈልጋለሁ በጎንደር። ምን ማድረግ አለብኝ,account
የብድር መስፈርቶች ምንድናቸው በኦንላይን ስርዓት። በፍጥነት እንዲፈታ እፈልጋለሁ,loan
የመለያ መክፈቻ ሰነዶች ምንድናቸው በኦንላይን ስርዓት,account
የቤት ብድር መረጃ እፈልጋለሁ በሀዋሳ። ምን ማድረግ አለብኝ,loan
የብድር ማመልከቻዬ ለምን ዘገየ። ምን ማድረግ አለብኝ,loan
የገንዘብ መላኪያ ማረጋገጫ አልደረሰኝም በኤቲኤም,money transfer
ATM ገንዘብ ቆርጦ አልሰጠኝም,complaint
የመለያ መክፈቻ ሰነዶች ምንድናቸው በአዲስ አበባ። መረጃ ይስጡኝ,account
መተግበሪያው ሲገባ ይዘጋል በቅርንጫፍ። በፍጥነት እንዲፈታ እፈልጋለሁ,technical issue
የብድር ማመልከቻዬ ለምን ዘገየ። መፍትሄ እፈልጋለሁ,loan
የOTP ኮድ አልደረሰኝም በሀዋሳ በኤጀንት ባንኪንግ,technical issue
የሲስተም ችግር ተፈጥሯል,technical issue
የገንዘብ ማስተላለፍ ክፍያ ምን ያህል ነው። መረጃ ይስጡኝ,money transfer
የመለያዬን መረጃ ማዘመን እፈልጋለሁ በሞባይል ባንኪንግ። ምን ማድረግ አለብኝ,account
የቅርንጫፍ አገልግሎት የተደራጀ አይደለም በኦንላይን ስርዓት። ምን ማድረግ አለብኝ,complaint
የባንክ ካርድ ከመለያዬ ጋር ማገናኘት እፈልጋለሁ በአዲስ አበባ,account
የብድር መስፈርቶች ምንድናቸው በኤጀንት ባንኪንግ,loan
የገንዘብ መላኪያ ማረጋገጫ አልደረሰኝም,money transfer
በሞባይል ባንኪንግ ገንዘብ መላክ እፈልጋለሁ በባህር ዳር በኦንላይን ስርዓት,money transfer
የመለያዬን መረጃ ማዘመን እፈልጋለሁ በባህር ዳር በሞባይል ባንኪንግ። ምን ማድረግ አለብኝ,account
ወደ ቤተሰቤ ገንዘብ ማስተላለፍ እፈልጋለሁ በጎንደር። ምን ማድረግ አለብኝ,money transfer
የኤቲኤም ሲስተም ችግር አለበት። እባክዎ ይረዱኝ,technical issue
የመለያ ሚስጥር ቃል ማደስ እፈልጋለሁ በአዳማ። በፍጥነት እንዲፈታ እፈልጋለሁ,account
የገንዘብ ማስተላለፊያ ሂደት አልተሳካም በአዲስ አበባ,money transfer
የመለያ መክፈቻ ሰነዶች ምንድናቸው በኤቲኤም። እባክዎ ይረዱኝ,account
የገንዘብ ማስተላለፍ ክፍያ ምን ያህል ነው በአዲስ አበባ። እባክዎ ይረዱኝ,money transfer
የኔትወርክ ችግር በግብይት ጊዜ ተፈጥሯል በኤቲኤም። መረጃ ይስጡኝ,technical issue
የተሰጠኝ አገልግሎት ደካማ ነበር በጅማ። በፍጥነት እንዲፈታ እፈልጋለሁ,complaint
የባንክ ክፍያዎች በጣም ከፍተኛ ናቸው በጎንደር በኤጀንት ባንኪንግ። መረጃ ይስጡኝ,complaint
ሰራተኛው በአክብሮት አላገለገለኝም በአዲስ አበባ በኮል ሴንተር,complaint
የኦንላይን ክፍያ ሲስተም አልሰራም በመቀሌ,technical issue
Transfer አልተሳካም ገንዘብ ተቆርጧል,money transfer
የብድር ማመልከቻዬ ለምን ዘገየ በሀዋሳ በኦንላይን ስርዓት። መፍትሄ እፈልጋለሁ,loan
የባንክ ካርድ ከመለያዬ ጋር ማገናኘት እፈልጋለሁ በጅማ,account
በባንኩ አገልግሎት አልተደሰትኩም በጅማ በኤጀንት ባንኪንግ,complaint
ገንዘብ ተቆርጦ አልደረሰም። እባክዎ ይረዱኝ,money transfer
ATM ገንዘብ ቆርጦ አልሰጠኝም,complaint
የቅርንጫፍ አገልግሎት የተደራጀ አይደለም በመቀሌ,complaint
የመለያ መክፈቻ ሰነዶች ምንድናቸው በጅማ,account
የሞባይል መተግበሪያው አይሰራም በድሬዳዋ። በፍጥነት እንዲፈታ እፈልጋለሁ,technical issue
የኦንላይን ክፍያ ሲስተም አልሰራም። መፍትሄ እፈልጋለሁ,technical issue
ቅሬታዬ አልተመለሰም በድሬዳዋ በኦንላይን ስርዓት,complaint
የደንበኛ አገልግሎት በጣም ዘገየ በኦንላይን ስርዓት,complaint
የኦንላይን ክፍያ ሲስተም አልሰራም,technical issue
የባንክ ካርድ ከመለያዬ ጋር ማገናኘት እፈልጋለሁ በኤጀንት ባንኪንግ,account
ሰራተኛው በአክብሮት አላገለገለኝም በቅርንጫፍ። መፍትሄ እፈልጋለሁ,complaint
የብድር ወለድ መጠን ምን ያህል ነው በኤቲኤም። መረጃ ይስጡኝ,loan
የሲስተም ችግር ተፈጥሯል። መረጃ ይስጡኝ,technical issue
የኔትወርክ ችግር በግብይት ጊዜ ተፈጥሯል በሞባይል ባንኪንግ። በፍጥነት እንዲፈታ እፈልጋለሁ,technical issue
የብድር ወለድ መጠን ምን ያህል ነው በጎንደር። በፍጥነት እንዲፈታ እፈልጋለሁ,loan
ወደ ቤተሰቤ ገንዘብ ማስተላለፍ እፈልጋለሁ በመቀሌ። በፍጥነት እንዲፈታ እፈልጋለሁ,money transfer
የውጭ ሀገር ገንዘብ መቀበል እፈልጋለሁ በኤቲኤም,money transfer
የወቅታዊ መለያ መክፈት እፈልጋለሁ በኮል ሴንተር። መረጃ ይስጡኝ,account
የተሰጠኝ አገልግሎት ደካማ ነበር በመቀሌ። እባክዎ ይረዱኝ,complaint
የመለያ መክፈቻ ሰነዶች ምንድናቸው። እባክዎ ይረዱኝ,account
ገንዘብ ወደ ሌላ መለያ ማስተላለፍ እፈልጋለሁ በጎንደር በኦንላይን ስርዓት,money transfer
ገንዘብ ወደ ሌላ መለያ ማስተላለፍ እፈልጋለሁ በጅማ በኦንላይን ስርዓት,money transfer
ወደ ቤተሰቤ ገንዘብ ማስተላለፍ እፈልጋለሁ በሞባይል ባንኪንግ። በፍጥነት እንዲፈታ እፈልጋለሁ,money transfer
Loan application ለመሙላት መረጃ እፈልጋለሁ,loan
ገንዘብ ወደ ሌላ መለያ ማስተላለፍ እፈልጋለሁ,money transfer
የመለያ መክፈቻ ሰነዶች ምንድናቸው በጅማ በኮል ሴንተር። በፍጥነት እንዲፈታ እፈልጋለሁ,account
የወቅታዊ መለያ መክፈት እፈልጋለሁ በኤጀንት ባንኪንግ። መፍትሄ እፈልጋለሁ,account
የOTP ኮድ አልደረሰኝም በአዳማ,technical issue
ወደ ቤተሰቤ ገንዘብ ማስተላለፍ እፈልጋለሁ,money transfer
ለንግድ ብድር መውሰድ እፈልጋለሁ በመቀሌ በኦንላይን ስርዓት። ምን ማድረግ አለብኝ,loan
የብድር ወለድ መጠን ምን ያህል ነው በአዳማ,loan
የውጭ ሀገር ገንዘብ መቀበል እፈልጋለሁ በሀዋሳ,money transfer
የመለያ ቀሪ ሂሳብ መፈተሽ እፈልጋለሁ በቅርንጫፍ,account
የብድር ጥያቄ ማቅረብ እፈልጋለሁ,loan
በቅርንጫፉ ውስጥ ብዙ ጊዜ ጠበቅሁ በኤቲኤም,complaint
የኤቲኤም ሲስተም ችግር አለበት,technical issue
ገንዘብ ተቆርጦ አልደረሰም በሀዋሳ። መፍትሄ እፈልጋለሁ,money transfer
የብድር ማመልከቻዬ ለምን ዘገየ በሀዋሳ። በፍጥነት እንዲፈታ እፈልጋለሁ,loan
የባንክ ካርድ ከመለያዬ ጋር ማገናኘት እፈልጋለሁ በኤጀንት ባንኪንግ። በፍጥነት እንዲፈታ እፈልጋለሁ,account
ለንግድ ብድር መውሰድ እፈልጋለሁ በመቀሌ። መረጃ ይስጡኝ,loan
በቅርንጫፉ ውስጥ ብዙ ጊዜ ጠበቅሁ። በፍጥነት እንዲፈታ እፈልጋለሁ,complaint
የብድር ሂደት እንዴት ነው በሀዋሳ። መረጃ ይስጡኝ,loan
የቁጠባ መለያ መክፈት እፈልጋለሁ በሀዋሳ በሞባይል ባንኪንግ። እባክዎ ይረዱኝ,account
የOTP ኮድ አልደረሰኝም በኦንላይን ስርዓት,technical issue
ብድር ለመክፈል መረጃ እፈልጋለሁ በባህር ዳር በኦንላይን ስርዓት። ምን ማድረግ አለብኝ,loan
የቁጠባ መለያ መክፈት እፈልጋለሁ በሀዋሳ በሞባይል ባንኪንግ,account
ገንዘብ ወደ ሌላ መለያ ማስተላለፍ እፈልጋለሁ በሞባይል ባንኪንግ። እባክዎ ይረዱኝ,money transfer
የመለያ ቀሪ ሂሳብ መፈተሽ እፈልጋለሁ። መፍትሄ እፈልጋለሁ,account
ብድር ለመክፈል መረጃ እፈልጋለሁ በጎንደር በኤቲኤም። መፍትሄ እፈልጋለሁ,loan
የOTP ኮድ አልደረሰኝም በኮል ሴንተር። መረጃ ይስጡኝ,technical issue
የመለያ ቀሪ ሂሳብ መፈተሽ እፈልጋለሁ በሀዋሳ። ምን ማድረግ አለብኝ,account
የኔትወርክ ችግር በግብይት ጊዜ ተፈጥሯል። መረጃ ይስጡኝ,technical issue
የቅርንጫፍ አገልግሎት የተደራጀ አይደለም,complaint
የብድር መስፈርቶች ምንድናቸው በጎንደር። መረጃ ይስጡኝ,loan
የመለያ ቀሪ ሂሳብ መፈተሽ እፈልጋለሁ በሀዋሳ። እባክዎ ይረዱኝ,account
የባንክ ካርድ ከመለያዬ ጋር ማገናኘት እፈልጋለሁ በአዲስ አበባ። እባክዎ ይረዱኝ,account
ባንኩ መረጃውን ግልጽ አላደረገም በሀዋሳ። ምን ማድረግ አለብኝ,complaint
የብድር ጥያቄ ማቅረብ እፈልጋለሁ በጎንደር በኤቲኤም,loan
ገንዘብ ተቆርጦ አልደረሰም,money transfer
የባንክ ክፍያዎች በጣም ከፍተኛ ናቸው። በፍጥነት እንዲፈታ እፈልጋለሁ,complaint
የብድር ማመልከቻዬ ለምን ዘገየ በሀዋሳ በቅርንጫፍ,loan
የኤቲኤም ሲስተም ችግር አለበት በኮል ሴንተር። መፍትሄ እፈልጋለሁ,technical issue
የኤቲኤም ሲስተም ችግር አለበት በኤጀንት ባንኪንግ። እባክዎ ይረዱኝ,technical issue
የብድር መስፈርቶች ምንድናቸው በባህር ዳር,loan
የኤቲኤም ሲስተም ችግር አለበት በጅማ። መረጃ ይስጡኝ,technical issue
የውጭ ሀገር ገንዘብ መቀበል እፈልጋለሁ በኤጀንት ባንኪንግ,money transfer
የቁጠባ መለያ መክፈት እፈልጋለሁ በድሬዳዋ በኦንላይን ስርዓት። በፍጥነት እንዲፈታ እፈልጋለሁ,account
የቅርንጫፍ አገልግሎት የተደራጀ አይደለም በኦንላይን ስርዓት። ምን ማድረግ አለብኝ,complaint
ባንኩ መረጃውን ግልጽ አላደረገም በኤቲኤም። ምን ማድረግ አለብኝ,complaint
Mobile banking መተግበሪያው አይከፈትም እባክዎ ይረዱኝ,technical issue
ብድር ለመክፈል መረጃ እፈልጋለሁ በአዲስ አበባ በኮል ሴንተር,loan
ለንግድ ብድር መውሰድ እፈልጋለሁ በኮል ሴንተር,loan
ለንግድ ብድር መውሰድ እፈልጋለሁ,loan
የባንክ ክፍያዎች በጣም ከፍተኛ ናቸው በኦንላይን ስርዓት። በፍጥነት እንዲፈታ እፈልጋለሁ,complaint
የኔትወርክ ችግር በግብይት ጊዜ ተፈጥሯል በጎንደር,technical issue
የውጭ ሀገር ገንዘብ መቀበል እፈልጋለሁ። መፍትሄ እፈልጋለሁ,money transfer
ኤቲኤም ገንዘብ ቆርጦ አልሰጠኝም በኮል ሴንተር,complaint
የብድር ሂደት እንዴት ነው በባህር ዳር,loan
የኔትወርክ ችግር በግብይት ጊዜ ተፈጥሯል በአዲስ አበባ,technical issue
የዲጂታል ባንኪንግ ምዝገባ አልተሳካም,technical issue
የመለያዬን ቁጥር ረሳሁ በመቀሌ። እባክዎ ይረዱኝ,account
የደንበኛ አገልግሎት በጣም ዘገየ በጎንደር በኮል ሴንተር,complaint
በባንኩ አገልግሎት አልተደሰትኩም በኦንላይን ስርዓት,complaint
መተግበሪያው በጣም ይዘገያል በአዳማ። በፍጥነት እንዲፈታ እፈልጋለሁ,technical issue
ሰራተኛው በአክብሮት አላገለገለኝም። እባክዎ ይረዱኝ,complaint
ኤቲኤም ገንዘብ ቆርጦ አልሰጠኝም በአዳማ። እባክዎ ይረዱኝ,complaint
የቁጠባ መለያ መክፈት እፈልጋለሁ። ምን ማድረግ አለብኝ,account
በቅርንጫፉ ውስጥ ብዙ ጊዜ ጠበቅሁ በጅማ በኤቲኤም,complaint
ገንዘብ ተቆርጦ አልደረሰም በሀዋሳ,money transfer
የኤቲኤም ሲስተም ችግር አለበት,technical issue
የቅርንጫፍ አገልግሎት የተደራጀ አይደለም በባህር ዳር በኦንላይን ስርዓት። መረጃ ይስጡኝ,complaint
የመለያ ቀሪ ሂሳብ መፈተሽ እፈልጋለሁ በኤቲኤም። ምን ማድረግ አለብኝ,account
የኤቲኤም ሲስተም ችግር አለበት። መፍትሄ እፈልጋለሁ,technical issue
የኤቲኤም ሲስተም ችግር አለበት በሀዋሳ በቅርንጫፍ,technical issue
ኤቲኤም ገንዘብ ቆርጦ አልሰጠኝም። ምን ማድረግ አለብኝ,complaint
ለንግድ ብድር መውሰድ እፈልጋለሁ በጎንደር,loan
ወደ መተግበሪያው መግባት አልቻልኩም በጎንደር። መረጃ ይስጡኝ,technical issue
Account balance ማየት አልቻልኩም,account
አዲስ የባንክ መለያ መክፈት እፈልጋለሁ። መፍትሄ እፈልጋለሁ,account
የኦንላይን ክፍያ ሲስተም አልሰራም። እባክዎ ይረዱኝ,technical issue
የገንዘብ መላኪያ ማረጋገጫ አልደረሰኝም,money transfer
የመለያዬን መረጃ ማዘመን እፈልጋለሁ። መፍትሄ እፈልጋለሁ,account
Transfer አልተሳካም ገንዘብ ተቆርጧል,money transfer
የውጭ ሀገር ገንዘብ መቀበል እፈልጋለሁ በአዳማ በኮል ሴንተር,money transfer
የባንክ ካርድ ከመለያዬ ጋር ማገናኘት እፈልጋለሁ በጅማ በኦንላይን ስርዓት። በፍጥነት እንዲፈታ እፈልጋለሁ,account
የኦንላይን ክፍያ ሲስተም አልሰራም በመቀሌ,technical issue
የመለያ ሚስጥር ቃል ማደስ እፈልጋለሁ,account
የብድር ሂደት እንዴት ነው በቅርንጫፍ። መረጃ ይስጡኝ,loan
ብድር ለመክፈል መረጃ እፈልጋለሁ,loan
ባንኩ መረጃውን ግልጽ አላደረገም። መፍትሄ እፈልጋለሁ,complaint
የኤቲኤም ሲስተም ችግር አለበት በኤጀንት ባንኪንግ። በፍጥነት እንዲፈታ እፈልጋለሁ,technical issue
መለያዬ ታግዷል እርዳታ እፈልጋለሁ በድሬዳዋ በኤጀንት ባንኪንግ። ምን ማድረግ አለብኝ,account
Loan application ለመሙላት መረጃ እፈልጋለሁ,loan
የቤት ብድር መረጃ እፈልጋለሁ,loan
የተሰጠኝ አገልግሎት ደካማ ነበር በባህር ዳር በኮል ሴንተር። እባክዎ ይረዱኝ,complaint
የመለያ ቀሪ ሂሳብ መፈተሽ እፈልጋለሁ በአዳማ በኤጀንት ባንኪንግ። ምን ማድረግ አለብኝ,account
የቅርንጫፍ አገልግሎት የተደራጀ አይደለም በጅማ በኤቲኤም። እባክዎ ይረዱኝ,complaint
የብድር ጥያቄ ማቅረብ እፈልጋለሁ,loan
ATM ገንዘብ ቆርጦ አልሰጠኝም,complaint
የመለያ ሚስጥር ቃል ማደስ እፈልጋለሁ በኤጀንት ባንኪንግ,account
የመለያ መክፈቻ ሰነዶች ምንድናቸው በአዳማ በኤጀንት ባንኪንግ,account
የOTP ኮድ አልደረሰኝም በሞባይል ባንኪንግ። መረጃ ይስጡኝ,technical issue
ወደ ቤተሰቤ ገንዘብ ማስተላለፍ እፈልጋለሁ በአዳማ በኤጀንት ባንኪንግ,money transfer
የቁጠባ መለያ መክፈት እፈልጋለሁ በሞባይል ባንኪንግ። በፍጥነት እንዲፈታ እፈልጋለሁ,account
የወቅታዊ መለያ መክፈት እፈልጋለሁ። እባክዎ ይረዱኝ,account
ባንኩ መረጃውን ግልጽ አላደረገም በአዲስ አበባ። መፍትሄ እፈልጋለሁ,complaint
የቁጠባ መለያ መክፈት እፈልጋለሁ,account
ገንዘብ ወደ ሌላ መለያ ማስተላለፍ እፈልጋለሁ በሀዋሳ በኮል ሴንተር። መረጃ ይስጡኝ,money transfer
ወደ ቤተሰቤ ገንዘብ ማስተላለፍ እፈልጋለሁ በኤጀንት ባንኪንግ። መረጃ ይስጡኝ,money transfer
አዲስ የባንክ መለያ መክፈት እፈልጋለሁ በጎንደር በቅርንጫፍ። መረጃ ይስጡኝ,account
የኦንላይን ክፍያ ሲስተም አልሰራም,technical issue
ብድር ለመክፈል መረጃ እፈልጋለሁ። በፍጥነት እንዲፈታ እፈልጋለሁ,loan
Account balance ማየት አልቻልኩም,account
የመለያ ሚስጥር ቃል ማደስ እፈልጋለሁ በድሬዳዋ። እባክዎ ይረዱኝ,account
ባንኩ መረጃውን ግልጽ አላደረገም። መረጃ ይስጡኝ,complaint
የተማሪ ብድር አለ ወይ በሀዋሳ በቅርንጫፍ,loan
የግብርና ብድር መውሰድ እፈልጋለሁ,loan
Transfer አልተሳካም ገንዘብ ተቆርጧል,money transfer
የተሰጠኝ አገልግሎት ደካማ ነበር። ምን ማድረግ አለብኝ,complaint
የኦንላይን ክፍያ ሲስተም አልሰራም። በፍጥነት እንዲፈታ እፈልጋለሁ,technical issue
የብድር መስፈርቶች ምንድናቸው በድሬዳዋ። ምን ማድረግ አለብኝ,loan
የመለያ ቀሪ ሂሳብ መፈተሽ እፈልጋለሁ,account
ባንኩ መረጃውን ግልጽ አላደረገም በሞባይል ባንኪንግ። ምን ማድረግ አለብኝ,complaint
አዲስ የባንክ መለያ መክፈት እፈልጋለሁ በጅማ,account
የመለያ ሚስጥር ቃል ማደስ እፈልጋለሁ,account
የገንዘብ ማስተላለፊያ ሂደት አልተሳካም። መረጃ ይስጡኝ,money transfer
በሞባይል ባንኪንግ ገንዘብ መላክ እፈልጋለሁ በሀዋሳ። በፍጥነት እንዲፈታ እፈልጋለሁ,money transfer
የግብርና ብድር መውሰድ እፈልጋለሁ በባህር ዳር,loan
የብድር ወለድ መጠን ምን ያህል ነው በኦንላይን ስርዓት። መረጃ ይስጡኝ,loan
የኔትወርክ ችግር በግብይት ጊዜ ተፈጥሯል በሀዋሳ በኮል ሴንተር,technical issue
የገንዘብ ማስተላለፍ ክፍያ ምን ያህል ነው,money transfer
የባንክ ክፍያዎች በጣም ከፍተኛ ናቸው። በፍጥነት እንዲፈታ እፈልጋለሁ,complaint
መተግበሪያው በጣም ይዘገያል በኤቲኤም,technical issue
የገንዘብ ማስተላለፊያ ሂደት አልተሳካም በኮል ሴንተር,money transfer
OTP code አልደረሰኝም ግብይት ማጠናቀቅ አልቻልኩም,technical issue
የተማሪ ብድር አለ ወይ። መረጃ ይስጡኝ,loan
የተሳሳተ መለያ ላይ ገንዘብ ላክሁ በሀዋሳ በኤጀንት ባንኪንግ። መረጃ ይስጡኝ,money transfer
የመለያ ሚስጥር ቃል ማደስ እፈልጋለሁ በጎንደር። መረጃ ይስጡኝ,account
ገንዘብ ወደ ሌላ መለያ ማስተላለፍ እፈልጋለሁ። በፍጥነት እንዲፈታ እፈልጋለሁ,money transfer
የወቅታዊ መለያ መክፈት እፈልጋለሁ። መረጃ ይስጡኝ,account
የገንዘብ ማስተላለፍ ክፍያ ምን ያህል ነው,money transfer
Loan application ለመሙላት መረጃ እፈልጋለሁ,loan
በባንኩ አገልግሎት አልተደሰትኩም በኮል ሴንተር። መፍትሄ እፈልጋለሁ,complaint
የሲስተም ችግር ተፈጥሯል,technical issue
የግብርና ብድር መውሰድ እፈልጋለሁ በአዳማ,loan
የሞባይል መተግበሪያው አይሰራም,technical issue
የግብርና ብድር መውሰድ እፈልጋለሁ። መፍትሄ እፈልጋለሁ,loan
የብድር ጥያቄ ማቅረብ እፈልጋለሁ በድሬዳዋ በኮል ሴንተር። መረጃ ይስጡኝ,loan
የብድር ማመልከቻዬ ለምን ዘገየ በባህር ዳር በኤጀንት ባንኪንግ። በፍጥነት እንዲፈታ እፈልጋለሁ,loan
የኤቲኤም ሲስተም ችግር አለበት። ምን ማድረግ አለብኝ,technical issue
የቤት ብድር መረጃ እፈልጋለሁ በጎንደር በኮል ሴንተር። በፍጥነት እንዲፈታ እፈልጋለሁ,loan
የደንበኛ አገልግሎት በጣም ዘገየ በጅማ በኤቲኤም። ምን ማድረግ አለብኝ,complaint
ለንግድ ብድር መውሰድ እፈልጋለሁ,loan
የመለያ ሚስጥር ቃል ማደስ እፈልጋለሁ በኤቲኤም። በፍጥነት እንዲፈታ እፈልጋለሁ,account
የዲጂታል ባንኪንግ ምዝገባ አልተሳካም በአዳማ በኦንላይን ስርዓት,technical issue
የውጭ ሀገር ገንዘብ መቀበል እፈልጋለሁ። ምን ማድረግ አለብኝ,money transfer
መለያዬ ታግዷል እርዳታ እፈልጋለሁ በሀዋሳ። መፍትሄ እፈልጋለሁ,account
የቁጠባ መለያ መክፈት እፈልጋለሁ። መፍትሄ እፈልጋለሁ,account
የተሳሳተ መለያ ላይ ገንዘብ ላክሁ በኮል ሴንተር። ምን ማድረግ አለብኝ,money transfer
የተላከው ገንዘብ መቼ ይደርሳል። እባክዎ ይረዱኝ,money transfer
ባንኩ መረጃውን ግልጽ አላደረገም በጎንደር። መፍትሄ እፈልጋለሁ,complaint
የብድር መስፈርቶች ምንድናቸው። እባክዎ ይረዱኝ,loan
መተግበሪያው ሲገባ ይዘጋል,technical issue
ወደ መተግበሪያው መግባት አልቻልኩም በድሬዳዋ በኦንላይን ስርዓት። እባክዎ ይረዱኝ,technical issue
በባንኩ አገልግሎት አልተደሰትኩም በአዲስ አበባ። ምን ማድረግ አለብኝ,complaint
የገንዘብ ማስተላለፊያ ሂደት አልተሳካም። በፍጥነት እንዲፈታ እፈልጋለሁ,money transfer
የባንክ ክፍያዎች በጣም ከፍተኛ ናቸው በአዳማ። መፍትሄ እፈልጋለሁ,complaint
የሞባይል መተግበሪያው አይሰራም። እባክዎ ይረዱኝ,technical issue
የተላከው ገንዘብ መቼ ይደርሳል,money transfer
የመለያዬን ቁጥር ረሳሁ በድሬዳዋ,account
የመለያ ቀሪ ሂሳብ መፈተሽ እፈልጋለሁ በኮል ሴንተር,account
የመለያ ሚስጥር ቃል ማደስ እፈልጋለሁ በድሬዳዋ በኤቲኤም። እባክዎ ይረዱኝ,account
የቁጠባ መለያ መክፈት እፈልጋለሁ በጎንደር,account
በባንኩ አገልግሎት አልተደሰትኩም በሀዋሳ በኤጀንት ባንኪንግ። እባክዎ ይረዱኝ,complaint
የገንዘብ ማስተላለፊያ ሂደት አልተሳካም በጎንደር። መፍትሄ እፈልጋለሁ,money transfer
የተላከው ገንዘብ መቼ ይደርሳል በባህር ዳር። መፍትሄ እፈልጋለሁ,money transfer
አዲስ የባንክ መለያ መክፈት እፈልጋለሁ,account
የሞባይል መተግበሪያው አይሰራም በኮል ሴንተር። ምን ማድረግ አለብኝ,technical issue
መተግበሪያው ሲገባ ይዘጋል በሀዋሳ,technical issue
የመለያዬን መረጃ ማዘመን እፈልጋለሁ። እባክዎ ይረዱኝ,account
የቁጠባ መለያ መክፈት እፈልጋለሁ በኤጀንት ባንኪንግ። እባክዎ ይረዱኝ,account
መለያዬ ታግዷል እርዳታ እፈልጋለሁ። መፍትሄ እፈልጋለሁ,account
የግብርና ብድር መውሰድ እፈልጋለሁ,loan
የብድር ማመልከቻዬ ለምን ዘገየ,loan
የገንዘብ መላኪያ ማረጋገጫ አልደረሰኝም በአዲስ አበባ በሞባይል ባንኪንግ,money transfer
የዲጂታል ባንኪንግ ምዝገባ አልተሳካም በአዳማ በኦንላይን ስርዓት,technical issue
ኤቲኤም ገንዘብ ቆርጦ አልሰጠኝም በድሬዳዋ,complaint
የግብርና ብድር መውሰድ እፈልጋለሁ በጅማ,loan
የመለያ መክፈቻ ሰነዶች ምንድናቸው በመቀሌ። እባክዎ ይረዱኝ,account
መተግበሪያው በጣም ይዘገያል በድሬዳዋ። ምን ማድረግ አለብኝ,technical issue
የብድር ሂደት እንዴት ነው በባህር ዳር በኦንላይን ስርዓት,loan
ለንግድ ብድር መውሰድ እፈልጋለሁ በኤቲኤም,loan
መለያዬ ታግዷል እርዳታ እፈልጋለሁ በጎንደር,account
የሞባይል መተግበሪያው አይሰራም በኤጀንት ባንኪንግ። እባክዎ ይረዱኝ,technical issue
የቁጠባ መለያ መክፈት እፈልጋለሁ በባህር ዳር,account
የዲጂታል ባንኪንግ ምዝገባ አልተሳካም። በፍጥነት እንዲፈታ እፈልጋለሁ,technical issue
የቁጠባ መለያ መክፈት እፈልጋለሁ በቅርንጫፍ። መፍትሄ እፈልጋለሁ,account
የብድር ማመልከቻዬ ለምን ዘገየ,loan
የመለያ ቀሪ ሂሳብ መፈተሽ እፈልጋለሁ በሀዋሳ,account
የቁጠባ መለያ መክፈት እፈልጋለሁ በባህር ዳር,account
የብድር ወለድ መጠን ምን ያህል ነው። ምን ማድረግ አለብኝ,loan
የቅርንጫፍ አገልግሎት የተደራጀ አይደለም በሀዋሳ,complaint
Loan application ለመሙላት መረጃ እፈልጋለሁ,loan
የባንክ ክፍያዎች በጣም ከፍተኛ ናቸው,complaint
ቅሬታዬ አልተመለሰም በኦንላይን ስርዓት,complaint
የባንክ ክፍያዎች በጣም ከፍተኛ ናቸው በጅማ,complaint
Account balance ማየት አልቻልኩም,account
ባንኩ መረጃውን ግልጽ አላደረገም በኤቲኤም። በፍጥነት እንዲፈታ እፈልጋለሁ,complaint
የቁጠባ መለያ መክፈት እፈልጋለሁ በአዲስ አበባ። ምን ማድረግ አለብኝ,account
ገንዘብ ወደ ሌላ መለያ ማስተላለፍ እፈልጋለሁ በቅርንጫፍ። ምን ማድረግ አለብኝ,money transfer
የብድር ወለድ መጠን ምን ያህል ነው በመቀሌ በኮል ሴንተር። እባክዎ ይረዱኝ,loan
የወቅታዊ መለያ መክፈት እፈልጋለሁ በባህር ዳር በኤጀንት ባንኪንግ። መረጃ ይስጡኝ,account
ለንግድ ብድር መውሰድ እፈልጋለሁ,loan
የመለያዬን መረጃ ማዘመን እፈልጋለሁ በድሬዳዋ በሞባይል ባንኪንግ,account
የሲስተም ችግር ተፈጥሯል በሀዋሳ በኤቲኤም። መፍትሄ እፈልጋለሁ,technical issue
የቅርንጫፍ አገልግሎት የተደራጀ አይደለም,complaint
የተሰጠኝ አገልግሎት ደካማ ነበር በመቀሌ በኤቲኤም,complaint
በቅርንጫፉ ውስጥ ብዙ ጊዜ ጠበቅሁ በባህር ዳር በኦንላይን ስርዓት። መረጃ ይስጡኝ,complaint
የባንክ ክፍያዎች በጣም ከፍተኛ ናቸው። መፍትሄ እፈልጋለሁ,complaint
መተግበሪያው ሲገባ ይዘጋል በአዲስ አበባ በቅርንጫፍ። በፍጥነት እንዲፈታ እፈልጋለሁ,technical issue
የወቅታዊ መለያ መክፈት እፈልጋለሁ በጎንደር,account
መተግበሪያው በጣም ይዘገያል። እባክዎ ይረዱኝ,technical issue
የሲስተም ችግር ተፈጥሯል። መፍትሄ እፈልጋለሁ,technical issue
ሰራተኛው በአክብሮት አላገለገለኝም በአዲስ አበባ,complaint
የመለያዬን ቁጥር ረሳሁ በጎንደር በኤጀንት ባንኪንግ። በፍጥነት እንዲፈታ እፈልጋለሁ,account
መተግበሪያው በጣም ይዘገያል በድሬዳዋ,technical issue
የደንበኛ አገልግሎት በጣም ዘገየ በኮል ሴንተር,complaint
OTP code አልደረሰኝም ግብይት ማጠናቀቅ አልቻልኩም,technical issue
በሞባይል ባንኪንግ ገንዘብ መላክ እፈልጋለሁ በኮል ሴንተር። መፍትሄ እፈልጋለሁ,money transfer
ገንዘብ ተቆርጦ አልደረሰም,money transfer
ኤቲኤም ገንዘብ ቆርጦ አልሰጠኝም በጎንደር። በፍጥነት እንዲፈታ እፈልጋለሁ,complaint
የቁጠባ መለያ መክፈት እፈልጋለሁ በሀዋሳ በኮል ሴንተር። መረጃ ይስጡኝ,account
የተሰጠኝ አገልግሎት ደካማ ነበር በጎንደር። እባክዎ ይረዱኝ,complaint
የገንዘብ ማስተላለፍ ክፍያ ምን ያህል ነው,money transfer
የገንዘብ ማስተላለፊያ ሂደት አልተሳካም,money transfer
መተግበሪያው ሲገባ ይዘጋል በአዲስ አበባ። እባክዎ ይረዱኝ,technical issue
ኤቲኤም ገንዘብ ቆርጦ አልሰጠኝም,complaint
የገንዘብ ማስተላለፊያ ሂደት አልተሳካም በመቀሌ በኤቲኤም,money transfer
የተሰጠኝ አገልግሎት ደካማ ነበር,complaint
ብድር ለመክፈል መረጃ እፈልጋለሁ በጅማ,loan
መተግበሪያው በጣም ይዘገያል,technical issue
የOTP ኮድ አልደረሰኝም በሀዋሳ በኤጀንት ባንኪንግ,technical issue
የገንዘብ ማስተላለፍ ክፍያ ምን ያህል ነው በጎንደር በኮል ሴንተር,money transfer
የOTP ኮድ አልደረሰኝም በአዲስ አበባ በኤቲኤም,technical issue
የብድር ጥያቄ ማቅረብ እፈልጋለሁ በአዳማ,loan
የተሳሳተ መለያ ላይ ገንዘብ ላክሁ በባህር ዳር በኦንላይን ስርዓት,money transfer
የኦንላይን ክፍያ ሲስተም አልሰራም በአዳማ። በፍጥነት እንዲፈታ እፈልጋለሁ,technical issue
Account balance ማየት አልቻልኩም,account
Transfer አልተሳካም ገንዘብ ተቆርጧል,money transfer
የባንክ ክፍያዎች በጣም ከፍተኛ ናቸው በአዳማ,complaint
የኦንላይን ክፍያ ሲስተም አልሰራም በኤጀንት ባንኪንግ,technical issue
ለንግድ ብድር መውሰድ እፈልጋለሁ በቅርንጫፍ። መፍትሄ እፈልጋለሁ,loan
መተግበሪያው ሲገባ ይዘጋል። መረጃ ይስጡኝ,technical issue
የኔትወርክ ችግር በግብይት ጊዜ ተፈጥሯል በመቀሌ በሞባይል ባንኪንግ,technical issue
የውጭ ሀገር ገንዘብ መቀበል እፈልጋለሁ። በፍጥነት እንዲፈታ እፈልጋለሁ,money transfer
የብድር ጥያቄ ማቅረብ እፈልጋለሁ በድሬዳዋ። መረጃ ይስጡኝ,loan
የመለያ መክፈቻ ሰነዶች ምንድናቸው በባህር ዳር,account
የገንዘብ መላኪያ ማረጋገጫ አልደረሰኝም በጎንደር በሞባይል ባንኪንግ። መረጃ ይስጡኝ,money transfer
የሞባይል መተግበሪያው አይሰራም በጎንደር በኤቲኤም። መረጃ ይስጡኝ,technical issue
የቅርንጫፍ አገልግሎት የተደራጀ አይደለም በሞባይል ባንኪንግ። መረጃ ይስጡኝ,complaint
ወደ መተግበሪያው መግባት አልቻልኩም። መፍትሄ እፈልጋለሁ,technical issue
መለያዬ ታግዷል እርዳታ እፈልጋለሁ በመቀሌ በኦንላይን ስርዓት,account
Loan application ለመሙላት መረጃ እፈልጋለሁ,loan
የመለያ መክፈቻ ሰነዶች ምንድናቸው በጅማ። በፍጥነት እንዲፈታ እፈልጋለሁ,account
የውጭ ሀገር ገንዘብ መቀበል እፈልጋለሁ በባህር ዳር በሞባይል ባንኪንግ። መረጃ ይስጡኝ,money transfer
የኤቲኤም ሲስተም ችግር አለበት,technical issue
ATM ገንዘብ ቆርጦ አልሰጠኝም,complaint
የባንክ ካርድ ከመለያዬ ጋር ማገናኘት እፈልጋለሁ በጅማ። መፍትሄ እፈልጋለሁ,account
ሰራተኛው በአክብሮት አላገለገለኝም በአዳማ በኮል ሴንተር። መፍትሄ እፈልጋለሁ,complaint
የብድር ጥያቄ ማቅረብ እፈልጋለሁ በአዲስ አበባ,loan
የወቅታዊ መለያ መክፈት እፈልጋለሁ በአዳማ በኦንላይን ስርዓት። ምን ማድረግ አለብኝ,account
መተግበሪያው በጣም ይዘገያል በጎንደር። እባክዎ ይረዱኝ,technical issue
የOTP ኮድ አልደረሰኝም በጅማ በኦንላይን ስርዓት። እባክዎ ይረዱኝ,technical issue
ሰራተኛው በአክብሮት አላገለገለኝም በኤቲኤም። በፍጥነት እንዲፈታ እፈልጋለሁ,complaint
የገንዘብ ማስተላለፍ ክፍያ ምን ያህል ነው በድሬዳዋ በሞባይል ባንኪንግ,money transfer
የመለያ መክፈቻ ሰነዶች ምንድናቸው በጎንደር። መፍትሄ እፈልጋለሁ,account
የብድር ማመልከቻዬ ለምን ዘገየ በድሬዳዋ። መረጃ ይስጡኝ,loan
የገንዘብ መላኪያ ማረጋገጫ አልደረሰኝም በባህር ዳር በኦንላይን ስርዓት,money transfer
የዲጂታል ባንኪንግ ምዝገባ አልተሳካም,technical issue
የብድር ጥያቄ ማቅረብ እፈልጋለሁ በጎንደር በሞባይል ባንኪንግ,loan
ገንዘብ ተቆርጦ አልደረሰም። ምን ማድረግ አለብኝ,money transfer
የኤቲኤም ሲስተም ችግር አለበት በጅማ,technical issue
የOTP ኮድ አልደረሰኝም,technical issue
ለንግድ ብድር መውሰድ እፈልጋለሁ በጅማ በሞባይል ባንኪንግ,loan
OTP code አልደረሰኝም ግብይት ማጠናቀቅ አልቻልኩም,technical issue
በሞባይል ባንኪንግ ገንዘብ መላክ እፈልጋለሁ በሀዋሳ። ምን ማድረግ አለብኝ,money transfer
ወደ መተግበሪያው መግባት አልቻልኩም በኦንላይን ስርዓት። በፍጥነት እንዲፈታ እፈልጋለሁ,technical issue
የውጭ ሀገር ገንዘብ መቀበል እፈልጋለሁ,money transfer
መለያዬ ታግዷል እርዳታ እፈልጋለሁ,account
የቤት ብድር መረጃ እፈልጋለሁ በኦንላይን ስርዓት። በፍጥነት እንዲፈታ እፈልጋለሁ,loan
Loan application ለመሙላት መረጃ እፈልጋለሁ,loan
በባንኩ አገልግሎት አልተደሰትኩም በሀዋሳ በኮል ሴንተር። መፍትሄ እፈልጋለሁ,complaint
የሞባይል መተግበሪያው አይሰራም በጎንደር በኤጀንት ባንኪንግ። መረጃ ይስጡኝ,technical issue
የመለያዬን ቁጥር ረሳሁ በሀዋሳ በሞባይል ባንኪንግ። እባክዎ ይረዱኝ,account
የኤቲኤም ሲስተም ችግር አለበት። መረጃ ይስጡኝ,technical issue
የሲስተም ችግር ተፈጥሯል በኮል ሴንተር,technical issue
የሞባይል መተግበሪያው አይሰራም በጅማ በቅርንጫፍ። ምን ማድረግ አለብኝ,technical issue
የመለያዬን መረጃ ማዘመን እፈልጋለሁ,account
የተላከው ገንዘብ መቼ ይደርሳል። በፍጥነት እንዲፈታ እፈልጋለሁ,money transfer
በባንኩ አገልግሎት አልተደሰትኩም በአዲስ አበባ። ምን ማድረግ አለብኝ,complaint
ሰራተኛው በአክብሮት አላገለገለኝም በቅርንጫፍ,complaint
የተላከው ገንዘብ መቼ ይደርሳል በድሬዳዋ። መረጃ ይስጡኝ,money transfer
የዲጂታል ባንኪንግ ምዝገባ አልተሳካም በኤጀንት ባንኪንግ። መረጃ ይስጡኝ,technical issue
የኦንላይን ክፍያ ሲስተም አልሰራም በኦንላይን ስርዓት,technical issue
የዲጂታል ባንኪንግ ምዝገባ አልተሳካም,technical issue
የኦንላይን ክፍያ ሲስተም አልሰራም። መፍትሄ እፈልጋለሁ,technical issue
Transfer አልተሳካም ገንዘብ ተቆርጧል,money transfer
Account balance ማየት አልቻልኩም,account
የደንበኛ አገልግሎት በጣም ዘገየ። እባክዎ ይረዱኝ,complaint
የተላከው ገንዘብ መቼ ይደርሳል በአዳማ። ምን ማድረግ አለብኝ,money transfer
መለያዬ ታግዷል እርዳታ እፈልጋለሁ በባህር ዳር,account
የባንክ ካርድ ከመለያዬ ጋር ማገናኘት እፈልጋለሁ በድሬዳዋ። በፍጥነት እንዲፈታ እፈልጋለሁ,account
Loan application ለመሙላት መረጃ እፈልጋለሁ,loan
በሞባይል ባንኪንግ ገንዘብ መላክ እፈልጋለሁ በመቀሌ። እባክዎ ይረዱኝ,money transfer
የወቅታዊ መለያ መክፈት እፈልጋለሁ። መፍትሄ እፈልጋለሁ,account
የውጭ ሀገር ገንዘብ መቀበል እፈልጋለሁ በኮል ሴንተር,money transfer
Mobile banking መተግበሪያው አይከፈትም እባክዎ ይረዱኝ,technical issue
ገንዘብ ወደ ሌላ መለያ ማስተላለፍ እፈልጋለሁ። ምን ማድረግ አለብኝ,money transfer
የተላከው ገንዘብ መቼ ይደርሳል በአዳማ በኤጀንት ባንኪንግ። መፍትሄ እፈልጋለሁ,money transfer
ባንኩ መረጃውን ግልጽ አላደረገም በኤቲኤም,complaint
መለያዬ ታግዷል እርዳታ እፈልጋለሁ,account
የተማሪ ብድር አለ ወይ። መረጃ ይስጡኝ,loan
ባንኩ መረጃውን ግልጽ አላደረገም በጎንደር። በፍጥነት እንዲፈታ እፈልጋለሁ,complaint
የመለያዬን ቁጥር ረሳሁ በአዳማ በኤቲኤም,account
የዲጂታል ባንኪንግ ምዝገባ አልተሳካም በአዲስ አበባ። መፍትሄ እፈልጋለሁ,technical issue
የባንክ ካርድ ከመለያዬ ጋር ማገናኘት እፈልጋለሁ በአዲስ አበባ በኤጀንት ባንኪንግ,account
የተሳሳተ መለያ ላይ ገንዘብ ላክሁ በኦንላይን ስርዓት,money transfer
የደንበኛ አገልግሎት በጣም ዘገየ በጎንደር። እባክዎ ይረዱኝ,complaint
Loan application ለመሙላት መረጃ እፈልጋለሁ,loan
በቅርንጫፉ ውስጥ ብዙ ጊዜ ጠበቅሁ በሀዋሳ። መፍትሄ እፈልጋለሁ,complaint
ሰራተኛው በአክብሮት አላገለገለኝም በአዲስ አበባ,complaint
የዲጂታል ባንኪንግ ምዝገባ አልተሳካም በድሬዳዋ። ምን ማድረግ አለብኝ,technical issue
የኔትወርክ ችግር በግብይት ጊዜ ተፈጥሯል በጎንደር በኤቲኤም,technical issue
የግብርና ብድር መውሰድ እፈልጋለሁ በሀዋሳ,loan
ባንኩ መረጃውን ግልጽ አላደረገም,complaint
OTP code አልደረሰኝም ግብይት ማጠናቀቅ አልቻልኩም,technical issue
የመለያዬን ቁጥር ረሳሁ በኤጀንት ባንኪንግ,account
ATM ገንዘብ ቆርጦ አልሰጠኝም,complaint
Mobile banking መተግበሪያው አይከፈትም እባክዎ ይረዱኝ,technical issue
የብድር ጥያቄ ማቅረብ እፈልጋለሁ,loan
የግብርና ብድር መውሰድ እፈልጋለሁ በኮል ሴንተር። በፍጥነት እንዲፈታ እፈልጋለሁ,loan
Mobile banking መተግበሪያው አይከፈትም እባክዎ ይረዱኝ,technical issue
የመለያ ቀሪ ሂሳብ መፈተሽ እፈልጋለሁ,account
የብድር ጥያቄ ማቅረብ እፈልጋለሁ,loan
ኤቲኤም ገንዘብ ቆርጦ አልሰጠኝም በመቀሌ በኤጀንት ባንኪንግ። በፍጥነት እንዲፈታ እፈልጋለሁ,complaint
መተግበሪያው በጣም ይዘገያል። በፍጥነት እንዲፈታ እፈልጋለሁ,technical issue
የባንክ ክፍያዎች በጣም ከፍተኛ ናቸው በኮል ሴንተር። መረጃ ይስጡኝ,complaint
የውጭ ሀገር ገንዘብ መቀበል እፈልጋለሁ በአዲስ አበባ በኤጀንት ባንኪንግ,money transfer
ATM ገንዘብ ቆርጦ አልሰጠኝም,complaint
የሞባይል መተግበሪያው አይሰራም,technical issue
ቅሬታዬ አልተመለሰም በሞባይል ባንኪንግ,complaint
ብድር ለመክፈል መረጃ እፈልጋለሁ,loan
የብድር መስፈርቶች ምንድናቸው በአዳማ,loan
የሲስተም ችግር ተፈጥሯል በባህር ዳር በቅርንጫፍ። በፍጥነት እንዲፈታ እፈልጋለሁ,technical issue
የመለያ ሚስጥር ቃል ማደስ እፈልጋለሁ። ምን ማድረግ አለብኝ,account
ገንዘብ ወደ ሌላ መለያ ማስተላለፍ እፈልጋለሁ። መፍትሄ እፈልጋለሁ,money transfer
የብድር ማመልከቻዬ ለምን ዘገየ በድሬዳዋ በኤጀንት ባንኪንግ። መፍትሄ እፈልጋለሁ,loan
ሰራተኛው በአክብሮት አላገለገለኝም በኦንላይን ስርዓት። እባክዎ ይረዱኝ,complaint
የሲስተም ችግር ተፈጥሯል,technical issue
Account balance ማየት አልቻልኩም,account
የኤቲኤም ሲስተም ችግር አለበት። በፍጥነት እንዲፈታ እፈልጋለሁ,technical issue
ለንግድ ብድር መውሰድ እፈልጋለሁ በባህር ዳር። እባክዎ ይረዱኝ,loan
የመለያ መክፈቻ ሰነዶች ምንድናቸው በሀዋሳ,account
ባንኩ መረጃውን ግልጽ አላደረገም። በፍጥነት እንዲፈታ እፈልጋለሁ,complaint
የብድር ወለድ መጠን ምን ያህል ነው በኦንላይን ስርዓት። መረጃ ይስጡኝ,loan
የኤቲኤም ሲስተም ችግር አለበት,technical issue
የመለያዬን ቁጥር ረሳሁ። ምን ማድረግ አለብኝ,account
የOTP ኮድ አልደረሰኝም። በፍጥነት እንዲፈታ እፈልጋለሁ,technical issue
በሞባይል ባንኪንግ ገንዘብ መላክ እፈልጋለሁ በድሬዳዋ,money transfer
የሞባይል መተግበሪያው አይሰራም በአዳማ በኮል ሴንተር,technical issue
የተማሪ ብድር አለ ወይ። እባክዎ ይረዱኝ,loan
የኤቲኤም ሲስተም ችግር አለበት በአዲስ አበባ። ምን ማድረግ አለብኝ,technical issue
የግብርና ብድር መውሰድ እፈልጋለሁ በሀዋሳ,loan
የመለያዬን ቁጥር ረሳሁ። በፍጥነት እንዲፈታ እፈልጋለሁ,account
ገንዘብ ተቆርጦ አልደረሰም። መፍትሄ እፈልጋለሁ,money transfer
ኤቲኤም ገንዘብ ቆርጦ አልሰጠኝም በድሬዳዋ,complaint
የቤት ብድር መረጃ እፈልጋለሁ በሀዋሳ,loan
ሰራተኛው በአክብሮት አላገለገለኝም። መፍትሄ እፈልጋለሁ,complaint
የሲስተም ችግር ተፈጥሯል በድሬዳዋ። በፍጥነት እንዲፈታ እፈልጋለሁ,technical issue
የመለያዬን መረጃ ማዘመን እፈልጋለሁ,account
የገንዘብ ማስተላለፍ ክፍያ ምን ያህል ነው በኮል ሴንተር። ምን ማድረግ አለብኝ,money transfer
የውጭ ሀገር ገንዘብ መቀበል እፈልጋለሁ በጅማ በኦንላይን ስርዓት,money transfer
የባንክ ክፍያዎች በጣም ከፍተኛ ናቸው በባህር ዳር በቅርንጫፍ። በፍጥነት እንዲፈታ እፈልጋለሁ,complaint
የመለያ ሚስጥር ቃል ማደስ እፈልጋለሁ በኤቲኤም,account
የተማሪ ብድር አለ ወይ በኤጀንት ባንኪንግ። በፍጥነት እንዲፈታ እፈልጋለሁ,loan
መለያዬ ታግዷል እርዳታ እፈልጋለሁ በድሬዳዋ። መረጃ ይስጡኝ,account
የብድር ሂደት እንዴት ነው በኮል ሴንተር,loan
የቤት ብድር መረጃ እፈልጋለሁ። መረጃ ይስጡኝ,loan
የመለያ መክፈቻ ሰነዶች ምንድናቸው በአዲስ አበባ። እባክዎ ይረዱኝ,account
የግብርና ብድር መውሰድ እፈልጋለሁ በመቀሌ,loan
ባንኩ መረጃውን ግልጽ አላደረገም። በፍጥነት እንዲፈታ እፈልጋለሁ,complaint
Account balance ማየት አልቻልኩም,account
የቅርንጫፍ አገልግሎት የተደራጀ አይደለም,complaint
የኤቲኤም ሲስተም ችግር አለበት በአዲስ አበባ። በፍጥነት እንዲፈታ እፈልጋለሁ,technical issue
የመለያ ቀሪ ሂሳብ መፈተሽ እፈልጋለሁ። ምን ማድረግ አለብኝ,account
የተማሪ ብድር አለ ወይ በኮል ሴንተር,loan
ገንዘብ ወደ ሌላ መለያ ማስተላለፍ እፈልጋለሁ። እባክዎ ይረዱኝ,money transfer
የመለያ ሚስጥር ቃል ማደስ እፈልጋለሁ በሞባይል ባንኪንግ,account
የተሳሳተ መለያ ላይ ገንዘብ ላክሁ። እባክዎ ይረዱኝ,money transfer
የወቅታዊ መለያ መክፈት እፈልጋለሁ። በፍጥነት እንዲፈታ እፈልጋለሁ,account
የመለያ መክፈቻ ሰነዶች ምንድናቸው። እባክዎ ይረዱኝ,account
የሲስተም ችግር ተፈጥሯል። በፍጥነት እንዲፈታ እፈልጋለሁ,technical issue
Transfer አልተሳካም ገንዘብ ተቆርጧል,money transfer
የባንክ ክፍያዎች በጣም ከፍተኛ ናቸው በሀዋሳ በቅርንጫፍ። መረጃ ይስጡኝ,complaint
በባንኩ አገልግሎት አልተደሰትኩም። እባክዎ ይረዱኝ,complaint
የኔትወርክ ችግር በግብይት ጊዜ ተፈጥሯል,technical issue
የቅርንጫፍ አገልግሎት የተደራጀ አይደለም,complaint
የብድር ወለድ መጠን ምን ያህል ነው በድሬዳዋ። መረጃ ይስጡኝ,loan
መተግበሪያው ሲገባ ይዘጋል። መረጃ ይስጡኝ,technical issue
መለያዬ ታግዷል እርዳታ እፈልጋለሁ,account
የባንክ ካርድ ከመለያዬ ጋር ማገናኘት እፈልጋለሁ በኤቲኤም። መፍትሄ እፈልጋለሁ,account
Mobile banking መተግበሪያው አይከፈትም እባክዎ ይረዱኝ,technical issue
የገንዘብ መላኪያ ማረጋገጫ አልደረሰኝም በኦንላይን ስርዓት,money transfer
የመለያዬን መረጃ ማዘመን እፈልጋለሁ በአዳማ,account
የመለያዬን መረጃ ማዘመን እፈልጋለሁ። እባክዎ ይረዱኝ,account
የመለያዬን መረጃ ማዘመን እፈልጋለሁ በአዳማ። ምን ማድረግ አለብኝ,account
የኦንላይን ክፍያ ሲስተም አልሰራም በኮል ሴንተር,technical issue
የብድር ማመልከቻዬ ለምን ዘገየ በድሬዳዋ በኤጀንት ባንኪንግ,loan
ገንዘብ ወደ ሌላ መለያ ማስተላለፍ እፈልጋለሁ በአዳማ። እባክዎ ይረዱኝ,money transfer
የውጭ ሀገር ገንዘብ መቀበል እፈልጋለሁ በኤቲኤም። በፍጥነት እንዲፈታ እፈልጋለሁ,money transfer
ወደ መተግበሪያው መግባት አልቻልኩም በመቀሌ በቅርንጫፍ። እባክዎ ይረዱኝ,technical issue
Transfer አልተሳካም ገንዘብ ተቆርጧል,money transfer
የቤት ብድር መረጃ እፈልጋለሁ,loan
የOTP ኮድ አልደረሰኝም በአዳማ። በፍጥነት እንዲፈታ እፈልጋለሁ,technical issue
የመለያዬን መረጃ ማዘመን እፈልጋለሁ በአዳማ በኦንላይን ስርዓት። በፍጥነት እንዲፈታ እፈልጋለሁ,account
በባንኩ አገልግሎት አልተደሰትኩም በአዳማ በኤቲኤም። እባክዎ ይረዱኝ,complaint
የውጭ ሀገር ገንዘብ መቀበል እፈልጋለሁ በባህር ዳር በኮል ሴንተር። ምን ማድረግ አለብኝ,money transfer
አዲስ የባንክ መለያ መክፈት እፈልጋለሁ በመቀሌ በኤቲኤም,account
የውጭ ሀገር ገንዘብ መቀበል እፈልጋለሁ በጎንደር። መፍትሄ እፈልጋለሁ,money transfer
የብድር ማመልከቻዬ ለምን ዘገየ በባህር ዳር በኦንላይን ስርዓት። መረጃ ይስጡኝ,loan
በቅርንጫፉ ውስጥ ብዙ ጊዜ ጠበቅሁ በኮል ሴንተር። በፍጥነት እንዲፈታ እፈልጋለሁ,complaint
የሲስተም ችግር ተፈጥሯል በኮል ሴንተር። በፍጥነት እንዲፈታ እፈልጋለሁ,technical issue
የቁጠባ መለያ መክፈት እፈልጋለሁ። ምን ማድረግ አለብኝ,account
የሲስተም ችግር ተፈጥሯል በድሬዳዋ በሞባይል ባንኪንግ። በፍጥነት እንዲፈታ እፈልጋለሁ,technical issue
የብድር ሂደት እንዴት ነው በባህር ዳር በሞባይል ባንኪንግ,loan
የብድር ወለድ መጠን ምን ያህል ነው በመቀሌ,loan
Loan application ለመሙላት መረጃ እፈልጋለሁ,loan
የደንበኛ አገልግሎት በጣም ዘገየ በሀዋሳ። በፍጥነት እንዲፈታ እፈልጋለሁ,complaint
Account balance ማየት አልቻልኩም,account
የOTP ኮድ አልደረሰኝም በድሬዳዋ,technical issue
የኔትወርክ ችግር በግብይት ጊዜ ተፈጥሯል በጅማ በኤቲኤም። እባክዎ ይረዱኝ,technical issue
የዲጂታል ባንኪንግ ምዝገባ አልተሳካም በአዳማ,technical issue
የተሰጠኝ አገልግሎት ደካማ ነበር በኮል ሴንተር,complaint
የገንዘብ ማስተላለፊያ ሂደት አልተሳካም በአዳማ,money transfer
የገንዘብ ማስተላለፍ ክፍያ ምን ያህል ነው በአዳማ,money transfer
ብድር ለመክፈል መረጃ እፈልጋለሁ በጅማ በኤቲኤም,loan
የተሳሳተ መለያ ላይ ገንዘብ ላክሁ,money transfer
የብድር ወለድ መጠን ምን ያህል ነው በአዲስ አበባ በኦንላይን ስርዓት,loan
የተማሪ ብድር አለ ወይ። በፍጥነት እንዲፈታ እፈልጋለሁ,loan
ገንዘብ ወደ ሌላ መለያ ማስተላለፍ እፈልጋለሁ በአዳማ በኮል ሴንተር,money transfer
የተሳሳተ መለያ ላይ ገንዘብ ላክሁ በቅርንጫፍ። መፍትሄ እፈልጋለሁ,money transfer
የብድር ሂደት እንዴት ነው በጎንደር በሞባይል ባንኪንግ,loan
የመለያዬን ቁጥር ረሳሁ በኤጀንት ባንኪንግ። ምን ማድረግ አለብኝ,account
ገንዘብ ወደ ሌላ መለያ ማስተላለፍ እፈልጋለሁ,money transfer
የወቅታዊ መለያ መክፈት እፈልጋለሁ,account
በባንኩ አገልግሎት አልተደሰትኩም በጅማ,complaint
የገንዘብ ማስተላለፍ ክፍያ ምን ያህል ነው በኦንላይን ስርዓት,money transfer
ገንዘብ ተቆርጦ አልደረሰም። መረጃ ይስጡኝ,money transfer
የኤቲኤም ሲስተም ችግር አለበት። እባክዎ ይረዱኝ,technical issue
የገንዘብ መላኪያ ማረጋገጫ አልደረሰኝም በኮል ሴንተር,money transfer
የብድር ወለድ መጠን ምን ያህል ነው በሞባይል ባንኪንግ,loan
የተላከው ገንዘብ መቼ ይደርሳል በኮል ሴንተር። ምን ማድረግ አለብኝ,money transfer
መለያዬ ታግዷል እርዳታ እፈልጋለሁ በባህር ዳር,account
ባንኩ መረጃውን ግልጽ አላደረገም በባህር ዳር,complaint
የወቅታዊ መለያ መክፈት እፈልጋለሁ በጎንደር,account
የተማሪ ብድር አለ ወይ በኮል ሴንተር። እባክዎ ይረዱኝ,loan
መተግበሪያው በጣም ይዘገያል። እባክዎ ይረዱኝ,technical issue
ገንዘብ ወደ ሌላ መለያ ማስተላለፍ እፈልጋለሁ በጎንደር በኤቲኤም,money transfer
አዲስ የባንክ መለያ መክፈት እፈልጋለሁ በአዲስ አበባ። ምን ማድረግ አለብኝ,account
የቤት ብድር መረጃ እፈልጋለሁ,loan
የገንዘብ ማስተላለፊያ ሂደት አልተሳካም። በፍጥነት እንዲፈታ እፈልጋለሁ,money transfer
ወደ ቤተሰቤ ገንዘብ ማስተላለፍ እፈልጋለሁ በመቀሌ,money transfer
የተማሪ ብድር አለ ወይ። መረጃ ይስጡኝ,loan
የወቅታዊ መለያ መክፈት እፈልጋለሁ በኤጀንት ባንኪንግ,account
የገንዘብ ማስተላለፍ ክፍያ ምን ያህል ነው በኤጀንት ባንኪንግ። ምን ማድረግ አለብኝ,money transfer
የመለያዬን ቁጥር ረሳሁ። መረጃ ይስጡኝ,account
OTP code አልደረሰኝም ግብይት ማጠናቀቅ አልቻልኩም,technical issue
የገንዘብ ማስተላለፍ ክፍያ ምን ያህል ነው,money transfer
Transfer አልተሳካም ገንዘብ ተቆርጧል,money transfer
የወቅታዊ መለያ መክፈት እፈልጋለሁ በሀዋሳ በቅርንጫፍ,account
የዲጂታል ባንኪንግ ምዝገባ አልተሳካም,technical issue
ብድር ለመክፈል መረጃ እፈልጋለሁ በኮል ሴንተር,loan
አዲስ የባንክ መለያ መክፈት እፈልጋለሁ በሀዋሳ። እባክዎ ይረዱኝ,account
የባንክ ካርድ ከመለያዬ ጋር ማገናኘት እፈልጋለሁ,account
መተግበሪያው በጣም ይዘገያል በሞባይል ባንኪንግ። በፍጥነት እንዲፈታ እፈልጋለሁ,technical issue
በሞባይል ባንኪንግ ገንዘብ መላክ እፈልጋለሁ,money transfer
የኔትወርክ ችግር በግብይት ጊዜ ተፈጥሯል በኮል ሴንተር። መፍትሄ እፈልጋለሁ,technical issue
ሰራተኛው በአክብሮት አላገለገለኝም። በፍጥነት እንዲፈታ እፈልጋለሁ,complaint
በቅርንጫፉ ውስጥ ብዙ ጊዜ ጠበቅሁ በሞባይል ባንኪንግ። መረጃ ይስጡኝ,complaint
ወደ መተግበሪያው መግባት አልቻልኩም። መረጃ ይስጡኝ,technical issue
OTP code አልደረሰኝም ግብይት ማጠናቀቅ አልቻልኩም,technical issue
የብድር ሂደት እንዴት ነው በኮል ሴንተር,loan
የሞባይል መተግበሪያው አይሰራም። በፍጥነት እንዲፈታ እፈልጋለሁ,technical issue
የሞባይል መተግበሪያው አይሰራም በቅርንጫፍ,technical issue
የተላከው ገንዘብ መቼ ይደርሳል በባህር ዳር በሞባይል ባንኪንግ። መረጃ ይስጡኝ,money transfer
የገንዘብ መላኪያ ማረጋገጫ አልደረሰኝም በሞባይል ባንኪንግ። መረጃ ይስጡኝ,money transfer
የተሳሳተ መለያ ላይ ገንዘብ ላክሁ። በፍጥነት እንዲፈታ እፈልጋለሁ,money transfer
የግብርና ብድር መውሰድ እፈልጋለሁ በኦንላይን ስርዓት። መረጃ ይስጡኝ,loan
የተሳሳተ መለያ ላይ ገንዘብ ላክሁ። መፍትሄ እፈልጋለሁ,money transfer
Loan application ለመሙላት መረጃ እፈልጋለሁ,loan
የተማሪ ብድር አለ ወይ። ምን ማድረግ አለብኝ,loan
የተማሪ ብድር አለ ወይ በድሬዳዋ። እባክዎ ይረዱኝ,loan
Mobile banking መተግበሪያው አይከፈትም እባክዎ ይረዱኝ,technical issue
የቤት ብድር መረጃ እፈልጋለሁ,loan
Account balance ማየት አልቻልኩም,account
ገንዘብ ተቆርጦ አልደረሰም,money transfer
በባንኩ አገልግሎት አልተደሰትኩም በሞባይል ባንኪንግ። መፍትሄ እፈልጋለሁ,complaint
Mobile banking መተግበሪያው አይከፈትም እባክዎ ይረዱኝ,technical issue
የተሳሳተ መለያ ላይ ገንዘብ ላክሁ በአዲስ አበባ። መረጃ ይስጡኝ,money transfer
የብድር ወለድ መጠን ምን ያህል ነው በኮል ሴንተር። በፍጥነት እንዲፈታ እፈልጋለሁ,loan
የብድር መስፈርቶች ምንድናቸው,loan
Account balance ማየት አልቻልኩም,account
የተላከው ገንዘብ መቼ ይደርሳል,money transfer
አዲስ የባንክ መለያ መክፈት እፈልጋለሁ በኦንላይን ስርዓት,account
አዲስ የባንክ መለያ መክፈት እፈልጋለሁ። ምን ማድረግ አለብኝ,account
የተሳሳተ መለያ ላይ ገንዘብ ላክሁ በቅርንጫፍ,money transfer
Loan application ለመሙላት መረጃ እፈልጋለሁ,loan
በሞባይል ባንኪንግ ገንዘብ መላክ እፈልጋለሁ በኤቲኤም። መረጃ ይስጡኝ,money transfer
መተግበሪያው ሲገባ ይዘጋል። በፍጥነት እንዲፈታ እፈልጋለሁ,technical issue
Account balance ማየት አልቻልኩም,account
በቅርንጫፉ ውስጥ ብዙ ጊዜ ጠበቅሁ በአዲስ አበባ በኤጀንት ባንኪንግ። ምን ማድረግ አለብኝ,complaint
የወቅታዊ መለያ መክፈት እፈልጋለሁ በመቀሌ። ምን ማድረግ አለብኝ,account
የመለያ ቀሪ ሂሳብ መፈተሽ እፈልጋለሁ በድሬዳዋ። እባክዎ ይረዱኝ,account
የቁጠባ መለያ መክፈት እፈልጋለሁ። መፍትሄ እፈልጋለሁ,account
ሰራተኛው በአክብሮት አላገለገለኝም። መፍትሄ እፈልጋለሁ,complaint
የኔትወርክ ችግር በግብይት ጊዜ ተፈጥሯል። መረጃ ይስጡኝ,technical issue
ሰራተኛው በአክብሮት አላገለገለኝም በጎንደር በኦንላይን ስርዓት,complaint
ባንኩ መረጃውን ግልጽ አላደረገም በሞባይል ባንኪንግ። እባክዎ ይረዱኝ,complaint
የተሳሳተ መለያ ላይ ገንዘብ ላክሁ,money transfer
ATM ገንዘብ ቆርጦ አልሰጠኝም,complaint
የሞባይል መተግበሪያው አይሰራም,technical issue
መለያዬ ታግዷል እርዳታ እፈልጋለሁ። በፍጥነት እንዲፈታ እፈልጋለሁ,account
የOTP ኮድ አልደረሰኝም በጎንደር,technical issue
የመለያዬን ቁጥር ረሳሁ በጅማ በኤጀንት ባንኪንግ,account
የኔትወርክ ችግር በግብይት ጊዜ ተፈጥሯል በኦንላይን ስርዓት። መፍትሄ እፈልጋለሁ,technical issue
የደንበኛ አገልግሎት በጣም ዘገየ በኤጀንት ባንኪንግ። እባክዎ ይረዱኝ,complaint
የኦንላይን ክፍያ ሲስተም አልሰራም በባህር ዳር። መረጃ ይስጡኝ,technical issue
የተማሪ ብድር አለ ወይ በባህር ዳር በኦንላይን ስርዓት,loan
የቤት ብድር መረጃ እፈልጋለሁ በመቀሌ,loan
የተማሪ ብድር አለ ወይ በቅርንጫፍ። መረጃ ይስጡኝ,loan
የተላከው ገንዘብ መቼ ይደርሳል በኮል ሴንተር። እባክዎ ይረዱኝ,money transfer
ብድር ለመክፈል መረጃ እፈልጋለሁ በድሬዳዋ በኦንላይን ስርዓት,loan
መተግበሪያው ሲገባ ይዘጋል በጎንደር,technical issue
ገንዘብ ተቆርጦ አልደረሰም በአዲስ አበባ በኦንላይን ስርዓት። ምን ማድረግ አለብኝ,money transfer
ለንግድ ብድር መውሰድ እፈልጋለሁ በድሬዳዋ በኦንላይን ስርዓት,loan
ሰራተኛው በአክብሮት አላገለገለኝም በሞባይል ባንኪንግ። ምን ማድረግ አለብኝ,complaint
የብድር ወለድ መጠን ምን ያህል ነው በአዳማ። መፍትሄ እፈልጋለሁ,loan
አዲስ የባንክ መለያ መክፈት እፈልጋለሁ በኦንላይን ስርዓት። መረጃ ይስጡኝ,account
የተሳሳተ መለያ ላይ ገንዘብ ላክሁ በኤጀንት ባንኪንግ,money transfer
የኤቲኤም ሲስተም ችግር አለበት በአዳማ በኤጀንት ባንኪንግ። መፍትሄ እፈልጋለሁ,technical issue
Account balance ማየት አልቻልኩም,account
በባንኩ አገልግሎት አልተደሰትኩም በጅማ,complaint
የመለያዬን መረጃ ማዘመን እፈልጋለሁ በአዳማ። መረጃ ይስጡኝ,account
የብድር ማመልከቻዬ ለምን ዘገየ,loan
የOTP ኮድ አልደረሰኝም በድሬዳዋ በኤጀንት ባንኪንግ። መረጃ ይስጡኝ,technical issue
የመለያ መክፈቻ ሰነዶች ምንድናቸው በሀዋሳ በኮል ሴንተር,account
የግብርና ብድር መውሰድ እፈልጋለሁ በጎንደር በቅርንጫፍ። ምን ማድረግ አለብኝ,loan
የተላከው ገንዘብ መቼ ይደርሳል በቅርንጫፍ,money transfer
የመለያዬን መረጃ ማዘመን እፈልጋለሁ በኦንላይን ስርዓት,account
የባንክ ካርድ ከመለያዬ ጋር ማገናኘት እፈልጋለሁ በመቀሌ። እባክዎ ይረዱኝ,account
በሞባይል ባንኪንግ ገንዘብ መላክ እፈልጋለሁ በኦንላይን ስርዓት,money transfer
የብድር መስፈርቶች ምንድናቸው በቅርንጫፍ። መረጃ ይስጡኝ,loan
ቅሬታዬ አልተመለሰም በኤቲኤም። መፍትሄ እፈልጋለሁ,complaint
የውጭ ሀገር ገንዘብ መቀበል እፈልጋለሁ በኤቲኤም,money transfer
የገንዘብ ማስተላለፍ ክፍያ ምን ያህል ነው በሀዋሳ በኦንላይን ስርዓት,money transfer
Loan application ለመሙላት መረጃ እፈልጋለሁ,loan
ለንግድ ብድር መውሰድ እፈልጋለሁ,loan
የመለያ ቀሪ ሂሳብ መፈተሽ እፈልጋለሁ በኤጀንት ባንኪንግ,account
የመለያ ቀሪ ሂሳብ መፈተሽ እፈልጋለሁ በአዳማ በኮል ሴንተር። ምን ማድረግ አለብኝ,account
የመለያዬን መረጃ ማዘመን እፈልጋለሁ በቅርንጫፍ,account
የገንዘብ መላኪያ ማረጋገጫ አልደረሰኝም በኤቲኤም። እባክዎ ይረዱኝ,money transfer
በባንኩ አገልግሎት አልተደሰትኩም በመቀሌ በኤቲኤም። መረጃ ይስጡኝ,complaint
ወደ መተግበሪያው መግባት አልቻልኩም በአዲስ አበባ። በፍጥነት እንዲፈታ እፈልጋለሁ,technical issue
የቤት ብድር መረጃ እፈልጋለሁ በአዳማ። መፍትሄ እፈልጋለሁ,loan
መተግበሪያው በጣም ይዘገያል። መፍትሄ እፈልጋለሁ,technical issue
መለያዬ ታግዷል እርዳታ እፈልጋለሁ በመቀሌ በኮል ሴንተር። ምን ማድረግ አለብኝ,account
የቁጠባ መለያ መክፈት እፈልጋለሁ በኤጀንት ባንኪንግ,account
ለንግድ ብድር መውሰድ እፈልጋለሁ በጅማ,loan
የግብርና ብድር መውሰድ እፈልጋለሁ። በፍጥነት እንዲፈታ እፈልጋለሁ,loan
የመለያ መክፈቻ ሰነዶች ምንድናቸው በቅርንጫፍ,account
ኤቲኤም ገንዘብ ቆርጦ አልሰጠኝም በመቀሌ በኤጀንት ባንኪንግ,complaint
ለንግድ ብድር መውሰድ እፈልጋለሁ በሀዋሳ በኤጀንት ባንኪንግ,loan
የወቅታዊ መለያ መክፈት እፈልጋለሁ በመቀሌ በኦንላይን ስርዓት። እባክዎ ይረዱኝ,account
የተማሪ ብድር አለ ወይ። እባክዎ ይረዱኝ,loan
የብድር ወለድ መጠን ምን ያህል ነው በሀዋሳ በሞባይል ባንኪንግ,loan
መተግበሪያው በጣም ይዘገያል። ምን ማድረግ አለብኝ,technical issue
ATM ገንዘብ ቆርጦ አልሰጠኝም,complaint
የቅርንጫፍ አገልግሎት የተደራጀ አይደለም በጎንደር። መረጃ ይስጡኝ,complaint
የኔትወርክ ችግር በግብይት ጊዜ ተፈጥሯል በአዲስ አበባ። መፍትሄ እፈልጋለሁ,technical issue
በሞባይል ባንኪንግ ገንዘብ መላክ እፈልጋለሁ በባህር ዳር በኤጀንት ባንኪንግ። መረጃ ይስጡኝ,money transfer
መተግበሪያው በጣም ይዘገያል በቅርንጫፍ,technical issue
የባንክ ክፍያዎች በጣም ከፍተኛ ናቸው። መረጃ ይስጡኝ,complaint
Transfer አልተሳካም ገንዘብ ተቆርጧል,money transfer
የቁጠባ መለያ መክፈት እፈልጋለሁ,account
መተግበሪያው በጣም ይዘገያል። በፍጥነት እንዲፈታ እፈልጋለሁ,technical issue
ATM ገንዘብ ቆርጦ አልሰጠኝም,complaint
የገንዘብ ማስተላለፍ ክፍያ ምን ያህል ነው በኤቲኤም። መፍትሄ እፈልጋለሁ,money transfer
በቅርንጫፉ ውስጥ ብዙ ጊዜ ጠበቅሁ በአዳማ በኮል ሴንተር,complaint
OTP code አልደረሰኝም ግብይት ማጠናቀቅ አልቻልኩም,technical issue
የወቅታዊ መለያ መክፈት እፈልጋለሁ በሞባይል ባንኪንግ። መፍትሄ እፈልጋለሁ,account
የመለያ ሚስጥር ቃል ማደስ እፈልጋለሁ በጎንደር በኤጀንት ባንኪንግ,account
የመለያዬን መረጃ ማዘመን እፈልጋለሁ በድሬዳዋ በኦንላይን ስርዓት,account
የመለያ ሚስጥር ቃል ማደስ እፈልጋለሁ በኤጀንት ባንኪንግ,account
Mobile banking መተግበሪያው አይከፈትም እባክዎ ይረዱኝ,technical issue
የባንክ ክፍያዎች በጣም ከፍተኛ ናቸው። መፍትሄ እፈልጋለሁ,complaint
መተግበሪያው በጣም ይዘገያል በአዳማ,technical issue
የሲስተም ችግር ተፈጥሯል በአዲስ አበባ። እባክዎ ይረዱኝ,technical issue
አዲስ የባንክ መለያ መክፈት እፈልጋለሁ በመቀሌ በሞባይል ባንኪንግ። ምን ማድረግ አለብኝ,account
የባንክ ካርድ ከመለያዬ ጋር ማገናኘት እፈልጋለሁ በባህር ዳር። ምን ማድረግ አለብኝ,account
የቁጠባ መለያ መክፈት እፈልጋለሁ በአዳማ በኦንላይን ስርዓት። መረጃ ይስጡኝ,account
የመለያ ቀሪ ሂሳብ መፈተሽ እፈልጋለሁ,account
ገንዘብ ወደ ሌላ መለያ ማስተላለፍ እፈልጋለሁ በጅማ በኤጀንት ባንኪንግ,money transfer
የተሰጠኝ አገልግሎት ደካማ ነበር,complaint
Transfer አልተሳካም ገንዘብ ተቆርጧል,money transfer
በቅርንጫፉ ውስጥ ብዙ ጊዜ ጠበቅሁ,complaint
የግብርና ብድር መውሰድ እፈልጋለሁ በአዳማ በኤቲኤም,loan
የተሳሳተ መለያ ላይ ገንዘብ ላክሁ በሀዋሳ በኤቲኤም። መረጃ ይስጡኝ,money transfer
Transfer አልተሳካም ገንዘብ ተቆርጧል,money transfer
ሰራተኛው በአክብሮት አላገለገለኝም። በፍጥነት እንዲፈታ እፈልጋለሁ,complaint
የዲጂታል ባንኪንግ ምዝገባ አልተሳካም በአዲስ አበባ። እባክዎ ይረዱኝ,technical issue
የቤት ብድር መረጃ እፈልጋለሁ በጅማ። መፍትሄ እፈልጋለሁ,loan
የመለያ ሚስጥር ቃል ማደስ እፈልጋለሁ በሞባይል ባንኪንግ,account
የመለያዬን መረጃ ማዘመን እፈልጋለሁ በቅርንጫፍ። መፍትሄ እፈልጋለሁ,account
የብድር መስፈርቶች ምንድናቸው። እባክዎ ይረዱኝ,loan
የግብርና ብድር መውሰድ እፈልጋለሁ። ምን ማድረግ አለብኝ,loan
Transfer አልተሳካም ገንዘብ ተቆርጧል,money transfer
የዲጂታል ባንኪንግ ምዝገባ አልተሳካም በድሬዳዋ በኦንላይን ስርዓት,technical issue
የመለያዬን ቁጥር ረሳሁ በኮል ሴንተር። እባክዎ ይረዱኝ,account
የገንዘብ ማስተላለፊያ ሂደት አልተሳካም በድሬዳዋ በቅርንጫፍ,money transfer
የተሳሳተ መለያ ላይ ገንዘብ ላክሁ በአዲስ አበባ በኦንላይን ስርዓት። መፍትሄ እፈልጋለሁ,money transfer
ለንግድ ብድር መውሰድ እፈልጋለሁ በኦንላይን ስርዓት። እባክዎ ይረዱኝ,loan
Transfer አልተሳካም ገንዘብ ተቆርጧል,money transfer
የብድር ሂደት እንዴት ነው በአዳማ በኮል ሴንተር,loan
በባንኩ አገልግሎት አልተደሰትኩም በጅማ በቅርንጫፍ,complaint
በቅርንጫፉ ውስጥ ብዙ ጊዜ ጠበቅሁ። መረጃ ይስጡኝ,complaint
የተሳሳተ መለያ ላይ ገንዘብ ላክሁ,money transfer
የኦንላይን ክፍያ ሲስተም አልሰራም በአዲስ አበባ,technical issue
የገንዘብ ማስተላለፍ ክፍያ ምን ያህል ነው። መረጃ ይስጡኝ,money transfer
Transfer አልተሳካም ገንዘብ ተቆርጧል,money transfer
ATM ገንዘብ ቆርጦ አልሰጠኝም,complaint
መተግበሪያው ሲገባ ይዘጋል በድሬዳዋ በኤጀንት ባንኪንግ,technical issue
የቁጠባ መለያ መክፈት እፈልጋለሁ። በፍጥነት እንዲፈታ እፈልጋለሁ,account
የግብርና ብድር መውሰድ እፈልጋለሁ። እባክዎ ይረዱኝ,loan
መተግበሪያው ሲገባ ይዘጋል። መረጃ ይስጡኝ,technical issue
በቅርንጫፉ ውስጥ ብዙ ጊዜ ጠበቅሁ በጅማ። መረጃ ይስጡኝ,complaint
መለያዬ ታግዷል እርዳታ እፈልጋለሁ በኤጀንት ባንኪንግ። ምን ማድረግ አለብኝ,account
የኦንላይን ክፍያ ሲስተም አልሰራም በኦንላይን ስርዓት። እባክዎ ይረዱኝ,technical issue
የተሳሳተ መለያ ላይ ገንዘብ ላክሁ,money transfer
የብድር ሂደት እንዴት ነው በመቀሌ,loan
የተማሪ ብድር አለ ወይ። ምን ማድረግ አለብኝ,loan
የቁጠባ መለያ መክፈት እፈልጋለሁ። መረጃ ይስጡኝ,account
ባንኩ መረጃውን ግልጽ አላደረገም በመቀሌ። መፍትሄ እፈልጋለሁ,complaint
የደንበኛ አገልግሎት በጣም ዘገየ,complaint
የገንዘብ ማስተላለፍ ክፍያ ምን ያህል ነው። እባክዎ ይረዱኝ,money transfer
የመለያ ቀሪ ሂሳብ መፈተሽ እፈልጋለሁ በኮል ሴንተር። በፍጥነት እንዲፈታ እፈልጋለሁ,account
Transfer አልተሳካም ገንዘብ ተቆርጧል,money transfer
ለንግድ ብድር መውሰድ እፈልጋለሁ በሞባይል ባንኪንግ። መረጃ ይስጡኝ,loan
Mobile banking መተግበሪያው አይከፈትም እባክዎ ይረዱኝ,technical issue
ለንግድ ብድር መውሰድ እፈልጋለሁ,loan
የባንክ ክፍያዎች በጣም ከፍተኛ ናቸው በኤቲኤም,complaint
የመለያዬን ቁጥር ረሳሁ,account
OTP code አልደረሰኝም ግብይት ማጠናቀቅ አልቻልኩም,technical issue
ወደ ቤተሰቤ ገንዘብ ማስተላለፍ እፈልጋለሁ,money transfer
በሞባይል ባንኪንግ ገንዘብ መላክ እፈልጋለሁ,money transfer
በባንኩ አገልግሎት አልተደሰትኩም በመቀሌ። መፍትሄ እፈልጋለሁ,complaint
ገንዘብ ተቆርጦ አልደረሰም በአዳማ። መረጃ ይስጡኝ,money transfer
የገንዘብ ማስተላለፊያ ሂደት አልተሳካም በጎንደር,money transfer
የቅርንጫፍ አገልግሎት የተደራጀ አይደለም። መረጃ ይስጡኝ,complaint
የተላከው ገንዘብ መቼ ይደርሳል በአዳማ በኤጀንት ባንኪንግ,money transfer
የብድር ማመልከቻዬ ለምን ዘገየ,loan
የተማሪ ብድር አለ ወይ። መረጃ ይስጡኝ,loan
የተሳሳተ መለያ ላይ ገንዘብ ላክሁ በባህር ዳር በሞባይል ባንኪንግ,money transfer
የብድር ሂደት እንዴት ነው በአዲስ አበባ በኤቲኤም,loan
የመለያ ቀሪ ሂሳብ መፈተሽ እፈልጋለሁ በኤቲኤም። በፍጥነት እንዲፈታ እፈልጋለሁ,account
የመለያዬን መረጃ ማዘመን እፈልጋለሁ በጅማ በሞባይል ባንኪንግ። ምን ማድረግ አለብኝ,account
የብድር ወለድ መጠን ምን ያህል ነው በመቀሌ። እባክዎ ይረዱኝ,loan
ብድር ለመክፈል መረጃ እፈልጋለሁ በሀዋሳ። መረጃ ይስጡኝ,loan
የባንክ ካርድ ከመለያዬ ጋር ማገናኘት እፈልጋለሁ,account
ለንግድ ብድር መውሰድ እፈልጋለሁ በቅርንጫፍ,loan
የደንበኛ አገልግሎት በጣም ዘገየ በባህር ዳር በኤቲኤም። መፍትሄ እፈልጋለሁ,complaint
የብድር ማመልከቻዬ ለምን ዘገየ። በፍጥነት እንዲፈታ እፈልጋለሁ,loan
የተማሪ ብድር አለ ወይ,loan
የባንክ ክፍያዎች በጣም ከፍተኛ ናቸው። እባክዎ ይረዱኝ,complaint
ቅሬታዬ አልተመለሰም። እባክዎ ይረዱኝ,complaint
የውጭ ሀገር ገንዘብ መቀበል እፈልጋለሁ በኤጀንት ባንኪንግ,money transfer
የብድር ማመልከቻዬ ለምን ዘገየ በድሬዳዋ በኤቲኤም። ምን ማድረግ አለብኝ,loan
የገንዘብ መላኪያ ማረጋገጫ አልደረሰኝም። በፍጥነት እንዲፈታ እፈልጋለሁ,money transfer
የሲስተም ችግር ተፈጥሯል በኤጀንት ባንኪንግ,technical issue
ኤቲኤም ገንዘብ ቆርጦ አልሰጠኝም,complaint
ሰራተኛው በአክብሮት አላገለገለኝም በመቀሌ,complaint
የብድር ጥያቄ ማቅረብ እፈልጋለሁ በጎንደር,loan
የኤቲኤም ሲስተም ችግር አለበት በሀዋሳ,technical issue
መለያዬ ታግዷል እርዳታ እፈልጋለሁ በመቀሌ። እባክዎ ይረዱኝ,account
ለንግድ ብድር መውሰድ እፈልጋለሁ በኤጀንት ባንኪንግ። እባክዎ ይረዱኝ,loan
OTP code አልደረሰኝም ግብይት ማጠናቀቅ አልቻልኩም,technical issue
የሲስተም ችግር ተፈጥሯል,technical issue
የOTP ኮድ አልደረሰኝም። እባክዎ ይረዱኝ,technical issue
የባንክ ካርድ ከመለያዬ ጋር ማገናኘት እፈልጋለሁ በባህር ዳር በኦንላይን ስርዓት። እባክዎ ይረዱኝ,account
ባንኩ መረጃውን ግልጽ አላደረገም በጅማ። መፍትሄ እፈልጋለሁ,complaint
መተግበሪያው ሲገባ ይዘጋል በጅማ። እባክዎ ይረዱኝ,technical issue
ወደ ቤተሰቤ ገንዘብ ማስተላለፍ እፈልጋለሁ,money transfer
የቁጠባ መለያ መክፈት እፈልጋለሁ በአዲስ አበባ,account
በባንኩ አገልግሎት አልተደሰትኩም በሞባይል ባንኪንግ,complaint
በሞባይል ባንኪንግ ገንዘብ መላክ እፈልጋለሁ በጅማ። በፍጥነት እንዲፈታ እፈልጋለሁ,money transfer
የOTP ኮድ አልደረሰኝም በባህር ዳር። መፍትሄ እፈልጋለሁ,technical issue
ቅሬታዬ አልተመለሰም በመቀሌ በኤጀንት ባንኪንግ,complaint
የተሰጠኝ አገልግሎት ደካማ ነበር በባህር ዳር። መፍትሄ እፈልጋለሁ,complaint
የግብርና ብድር መውሰድ እፈልጋለሁ በሀዋሳ,loan
Transfer አልተሳካም ገንዘብ ተቆርጧል,money transfer
ለንግድ ብድር መውሰድ እፈልጋለሁ በመቀሌ በሞባይል ባንኪንግ,loan
በሞባይል ባንኪንግ ገንዘብ መላክ እፈልጋለሁ በጅማ በቅርንጫፍ። ምን ማድረግ አለብኝ,money transfer
የተሳሳተ መለያ ላይ ገንዘብ ላክሁ,money transfer
የግብርና ብድር መውሰድ እፈልጋለሁ በመቀሌ,loan
የብድር ጥያቄ ማቅረብ እፈልጋለሁ በሞባይል ባንኪንግ,loan
የተሳሳተ መለያ ላይ ገንዘብ ላክሁ በኦንላይን ስርዓት,money transfer
የመለያ ቀሪ ሂሳብ መፈተሽ እፈልጋለሁ። ምን ማድረግ አለብኝ,account
የመለያዬን መረጃ ማዘመን እፈልጋለሁ በቅርንጫፍ። እባክዎ ይረዱኝ,account
የተሰጠኝ አገልግሎት ደካማ ነበር በኮል ሴንተር። መፍትሄ እፈልጋለሁ,complaint
ሰራተኛው በአክብሮት አላገለገለኝም,complaint
በሞባይል ባንኪንግ ገንዘብ መላክ እፈልጋለሁ። መፍትሄ እፈልጋለሁ,money transfer
የብድር ጥያቄ ማቅረብ እፈልጋለሁ,loan
ሰራተኛው በአክብሮት አላገለገለኝም,complaint
ባንኩ መረጃውን ግልጽ አላደረገም በአዲስ አበባ። መፍትሄ እፈልጋለሁ,complaint
ለንግድ ብድር መውሰድ እፈልጋለሁ። ምን ማድረግ አለብኝ,loan
የደንበኛ አገልግሎት በጣም ዘገየ በኦንላይን ስርዓት,complaint
የቤት ብድር መረጃ እፈልጋለሁ በጎንደር በኦንላይን ስርዓት,loan
የገንዘብ መላኪያ ማረጋገጫ አልደረሰኝም በሀዋሳ በኦንላይን ስርዓት,money transfer
የግብርና ብድር መውሰድ እፈልጋለሁ,loan
የብድር ጥያቄ ማቅረብ እፈልጋለሁ በጅማ በሞባይል ባንኪንግ,loan
ሰራተኛው በአክብሮት አላገለገለኝም በአዳማ,complaint
ለንግድ ብድር መውሰድ እፈልጋለሁ በሞባይል ባንኪንግ። ምን ማድረግ አለብኝ,loan
የኦንላይን ክፍያ ሲስተም አልሰራም በቅርንጫፍ,technical issue
መለያዬ ታግዷል እርዳታ እፈልጋለሁ በጎንደር በሞባይል ባንኪንግ። መረጃ ይስጡኝ,account
የብድር ወለድ መጠን ምን ያህል ነው በጎንደር በሞባይል ባንኪንግ። መፍትሄ እፈልጋለሁ,loan
መተግበሪያው በጣም ይዘገያል በኤጀንት ባንኪንግ። በፍጥነት እንዲፈታ እፈልጋለሁ,technical issue
የመለያ ሚስጥር ቃል ማደስ እፈልጋለሁ። እባክዎ ይረዱኝ,account
የዲጂታል ባንኪንግ ምዝገባ አልተሳካም። ምን ማድረግ አለብኝ,technical issue
የመለያዬን መረጃ ማዘመን እፈልጋለሁ በሞባይል ባንኪንግ። መረጃ ይስጡኝ,account
በቅርንጫፉ ውስጥ ብዙ ጊዜ ጠበቅሁ በቅርንጫፍ,complaint
የብድር ማመልከቻዬ ለምን ዘገየ በኤቲኤም። መፍትሄ እፈልጋለሁ,loan
የብድር መስፈርቶች ምንድናቸው በጎንደር። እባክዎ ይረዱኝ,loan
የተላከው ገንዘብ መቼ ይደርሳል በኮል ሴንተር። እባክዎ ይረዱኝ,money transfer
የብድር መስፈርቶች ምንድናቸው በአዳማ በሞባይል ባንኪንግ። በፍጥነት እንዲፈታ እፈልጋለሁ,loan
ብድር ለመክፈል መረጃ እፈልጋለሁ በሞባይል ባንኪንግ። መፍትሄ እፈልጋለሁ,loan
የሞባይል መተግበሪያው አይሰራም በቅርንጫፍ,technical issue
የብድር ወለድ መጠን ምን ያህል ነው በሀዋሳ። መረጃ ይስጡኝ,loan
ወደ መተግበሪያው መግባት አልቻልኩም በባህር ዳር በኤቲኤም,technical issue
የቁጠባ መለያ መክፈት እፈልጋለሁ በባህር ዳር በቅርንጫፍ,account
ኤቲኤም ገንዘብ ቆርጦ አልሰጠኝም በመቀሌ በሞባይል ባንኪንግ,complaint
የባንክ ካርድ ከመለያዬ ጋር ማገናኘት እፈልጋለሁ በአዳማ,account
የቤት ብድር መረጃ እፈልጋለሁ በባህር ዳር። ምን ማድረግ አለብኝ,loan
የብድር ሂደት እንዴት ነው በጅማ,loan
የመለያዬን መረጃ ማዘመን እፈልጋለሁ። መረጃ ይስጡኝ,account
የመለያዬን ቁጥር ረሳሁ በባህር ዳር በኤጀንት ባንኪንግ,account
በቅርንጫፉ ውስጥ ብዙ ጊዜ ጠበቅሁ በኤጀንት ባንኪንግ። እባክዎ ይረዱኝ,complaint
የውጭ ሀገር ገንዘብ መቀበል እፈልጋለሁ። በፍጥነት እንዲፈታ እፈልጋለሁ,money transfer
የመለያዬን መረጃ ማዘመን እፈልጋለሁ,account
የተሰጠኝ አገልግሎት ደካማ ነበር በአዳማ,complaint
የገንዘብ መላኪያ ማረጋገጫ አልደረሰኝም። ምን ማድረግ አለብኝ,money transfer
የብድር ወለድ መጠን ምን ያህል ነው በኮል ሴንተር። መረጃ ይስጡኝ,loan
የባንክ ክፍያዎች በጣም ከፍተኛ ናቸው። ምን ማድረግ አለብኝ,complaint
Mobile banking መተግበሪያው አይከፈትም እባክዎ ይረዱኝ,technical issue
የገንዘብ ማስተላለፊያ ሂደት አልተሳካም በሞባይል ባንኪንግ,money transfer
የOTP ኮድ አልደረሰኝም በኮል ሴንተር። እባክዎ ይረዱኝ,technical issue
መተግበሪያው ሲገባ ይዘጋል። በፍጥነት እንዲፈታ እፈልጋለሁ,technical issue
የመለያዬን መረጃ ማዘመን እፈልጋለሁ። መፍትሄ እፈልጋለሁ,account
የብድር ማመልከቻዬ ለምን ዘገየ,loan
የመለያዬን መረጃ ማዘመን እፈልጋለሁ በሀዋሳ። ምን ማድረግ አለብኝ,account
የግብርና ብድር መውሰድ እፈልጋለሁ,loan
የሞባይል መተግበሪያው አይሰራም። እባክዎ ይረዱኝ,technical issue
ቅሬታዬ አልተመለሰም። መፍትሄ እፈልጋለሁ,complaint
የብድር ማመልከቻዬ ለምን ዘገየ በሞባይል ባንኪንግ,loan
የOTP ኮድ አልደረሰኝም በጅማ በቅርንጫፍ። በፍጥነት እንዲፈታ እፈልጋለሁ,technical issue
አዲስ የባንክ መለያ መክፈት እፈልጋለሁ በድሬዳዋ በኦንላይን ስርዓት,account
የዲጂታል ባንኪንግ ምዝገባ አልተሳካም በባህር ዳር በኤቲኤም,technical issue
መተግበሪያው ሲገባ ይዘጋል,technical issue
የኦንላይን ክፍያ ሲስተም አልሰራም,technical issue
የገንዘብ መላኪያ ማረጋገጫ አልደረሰኝም በሀዋሳ። እባክዎ ይረዱኝ,money transfer
የተላከው ገንዘብ መቼ ይደርሳል በኦንላይን ስርዓት። እባክዎ ይረዱኝ,money transfer
የገንዘብ መላኪያ ማረጋገጫ አልደረሰኝም በአዲስ አበባ በኤጀንት ባንኪንግ። መፍትሄ እፈልጋለሁ,money transfer
የባንክ ካርድ ከመለያዬ ጋር ማገናኘት እፈልጋለሁ በጎንደር። እባክዎ ይረዱኝ,account
የተማሪ ብድር አለ ወይ በሞባይል ባንኪንግ። ምን ማድረግ አለብኝ,loan
መተግበሪያው በጣም ይዘገያል,technical issue
የብድር መስፈርቶች ምንድናቸው በኤቲኤም,loan
የቁጠባ መለያ መክፈት እፈልጋለሁ በሀዋሳ። በፍጥነት እንዲፈታ እፈልጋለሁ,account
በቅርንጫፉ ውስጥ ብዙ ጊዜ ጠበቅሁ በአዳማ በቅርንጫፍ። መፍትሄ እፈልጋለሁ,complaint
የቅርንጫፍ አገልግሎት የተደራጀ አይደለም በአዳማ,complaint
ብድር ለመክፈል መረጃ እፈልጋለሁ በጅማ በሞባይል ባንኪንግ። መረጃ ይስጡኝ,loan
ወደ መተግበሪያው መግባት አልቻልኩም። ምን ማድረግ አለብኝ,technical issue
የተሳሳተ መለያ ላይ ገንዘብ ላክሁ በአዲስ አበባ,money transfer
የብድር መስፈርቶች ምንድናቸው በጎንደር በኤቲኤም,loan
የደንበኛ አገልግሎት በጣም ዘገየ። እባክዎ ይረዱኝ,complaint
የባንክ ክፍያዎች በጣም ከፍተኛ ናቸው በጎንደር። መረጃ ይስጡኝ,complaint
ለንግድ ብድር መውሰድ እፈልጋለሁ በኤጀንት ባንኪንግ,loan
የቤት ብድር መረጃ እፈልጋለሁ በአዲስ አበባ,loan
ባንኩ መረጃውን ግልጽ አላደረገም በባህር ዳር። ምን ማድረግ አለብኝ,complaint
የብድር ወለድ መጠን ምን ያህል ነው በአዲስ አበባ። መፍትሄ እፈልጋለሁ,loan
የገንዘብ መላኪያ ማረጋገጫ አልደረሰኝም በኦንላይን ስርዓት። ምን ማድረግ አለብኝ,money transfer
የኔትወርክ ችግር በግብይት ጊዜ ተፈጥሯል,technical issue
የሲስተም ችግር ተፈጥሯል,technical issue
የቁጠባ መለያ መክፈት እፈልጋለሁ በኮል ሴንተር። እባክዎ ይረዱኝ,account
የወቅታዊ መለያ መክፈት እፈልጋለሁ በሀዋሳ በኤቲኤም። መረጃ ይስጡኝ,account
በሞባይል ባንኪንግ ገንዘብ መላክ እፈልጋለሁ በሀዋሳ,money transfer
የገንዘብ ማስተላለፍ ክፍያ ምን ያህል ነው በኤጀንት ባንኪንግ,money transfer
የዲጂታል ባንኪንግ ምዝገባ አልተሳካም በኦንላይን ስርዓት,technical issue
ወደ መተግበሪያው መግባት አልቻልኩም በኦንላይን ስርዓት። መፍትሄ እፈልጋለሁ,technical issue
ለንግድ ብድር መውሰድ እፈልጋለሁ በአዳማ በሞባይል ባንኪንግ,loan
የOTP ኮድ አልደረሰኝም። መፍትሄ እፈልጋለሁ,technical issue
የኔትወርክ ችግር በግብይት ጊዜ ተፈጥሯል በአዳማ,technical issue
የቤት ብድር መረጃ እፈልጋለሁ በአዳማ። በፍጥነት እንዲፈታ እፈልጋለሁ,loan
የብድር ሂደት እንዴት ነው በድሬዳዋ። እባክዎ ይረዱኝ,loan
መተግበሪያው ሲገባ ይዘጋል በመቀሌ,technical issue
የብድር ወለድ መጠን ምን ያህል ነው በቅርንጫፍ። በፍጥነት እንዲፈታ እፈልጋለሁ,loan
የባንክ ካርድ ከመለያዬ ጋር ማገናኘት እፈልጋለሁ በኤቲኤም,account
Account balance ማየት አልቻልኩም,account
የውጭ ሀገር ገንዘብ መቀበል እፈልጋለሁ በሀዋሳ። ምን ማድረግ አለብኝ,money transfer
Mobile banking መተግበሪያው አይከፈትም እባክዎ ይረዱኝ,technical issue
ሰራተኛው በአክብሮት አላገለገለኝም በሀዋሳ በኤቲኤም,complaint
የባንክ ካርድ ከመለያዬ ጋር ማገናኘት እፈልጋለሁ በድሬዳዋ። ምን ማድረግ አለብኝ,account
የገንዘብ ማስተላለፊያ ሂደት አልተሳካም። ምን ማድረግ አለብኝ,money transfer
የተላከው ገንዘብ መቼ ይደርሳል። መረጃ ይስጡኝ,money transfer
የገንዘብ መላኪያ ማረጋገጫ አልደረሰኝም። እባክዎ ይረዱኝ,money transfer
የተላከው ገንዘብ መቼ ይደርሳል በኮል ሴንተር። እባክዎ ይረዱኝ,money transfer
ሰራተኛው በአክብሮት አላገለገለኝም በጎንደር። መረጃ ይስጡኝ,complaint
Mobile banking መተግበሪያው አይከፈትም እባክዎ ይረዱኝ,technical issue
የኦንላይን ክፍያ ሲስተም አልሰራም በመቀሌ በኤቲኤም። በፍጥነት እንዲፈታ እፈልጋለሁ,technical issue
የኤቲኤም ሲስተም ችግር አለበት,technical issue
የመለያ ሚስጥር ቃል ማደስ እፈልጋለሁ በኮል ሴንተር። መረጃ ይስጡኝ,account
የሞባይል መተግበሪያው አይሰራም,technical issue
የባንክ ክፍያዎች በጣም ከፍተኛ ናቸው በድሬዳዋ በኤቲኤም። መረጃ ይስጡኝ,complaint
የሲስተም ችግር ተፈጥሯል በኦንላይን ስርዓት። በፍጥነት እንዲፈታ እፈልጋለሁ,technical issue
የብድር ጥያቄ ማቅረብ እፈልጋለሁ በቅርንጫፍ,loan
የውጭ ሀገር ገንዘብ መቀበል እፈልጋለሁ በድሬዳዋ በኮል ሴንተር። በፍጥነት እንዲፈታ እፈልጋለሁ,money transfer
የቅርንጫፍ አገልግሎት የተደራጀ አይደለም በኦንላይን ስርዓት። ምን ማድረግ አለብኝ,complaint
በቅርንጫፉ ውስጥ ብዙ ጊዜ ጠበቅሁ በአዳማ። መፍትሄ እፈልጋለሁ,complaint
የገንዘብ ማስተላለፍ ክፍያ ምን ያህል ነው በኮል ሴንተር። በፍጥነት እንዲፈታ እፈልጋለሁ,money transfer
በባንኩ አገልግሎት አልተደሰትኩም በሞባይል ባንኪንግ,complaint
የተሳሳተ መለያ ላይ ገንዘብ ላክሁ በጎንደር,money transfer
ወደ መተግበሪያው መግባት አልቻልኩም በአዳማ,technical issue
መተግበሪያው በጣም ይዘገያል በመቀሌ,technical issue
የብድር መስፈርቶች ምንድናቸው በአዲስ አበባ በቅርንጫፍ,loan
የግብርና ብድር መውሰድ እፈልጋለሁ። መረጃ ይስጡኝ,loan
የገንዘብ ማስተላለፍ ክፍያ ምን ያህል ነው። እባክዎ ይረዱኝ,money transfer
ገንዘብ ተቆርጦ አልደረሰም። መፍትሄ እፈልጋለሁ,money transfer
ቅሬታዬ አልተመለሰም በኤጀንት ባንኪንግ,complaint
የቤት ብድር መረጃ እፈልጋለሁ በኤጀንት ባንኪንግ,loan
የብድር ጥያቄ ማቅረብ እፈልጋለሁ። ምን ማድረግ አለብኝ,loan
የብድር ጥያቄ ማቅረብ እፈልጋለሁ በአዲስ አበባ,loan
OTP code አልደረሰኝም ግብይት ማጠናቀቅ አልቻልኩም,technical issue
የቁጠባ መለያ መክፈት እፈልጋለሁ በጎንደር,account
የኔትወርክ ችግር በግብይት ጊዜ ተፈጥሯል። እባክዎ ይረዱኝ,technical issue
ብድር ለመክፈል መረጃ እፈልጋለሁ በአዳማ። መፍትሄ እፈልጋለሁ,loan
የሲስተም ችግር ተፈጥሯል በመቀሌ በኤጀንት ባንኪንግ,technical issue
የኦንላይን ክፍያ ሲስተም አልሰራም በድሬዳዋ በኮል ሴንተር። እባክዎ ይረዱኝ,technical issue
የብድር ሂደት እንዴት ነው በሀዋሳ በኮል ሴንተር። መረጃ ይስጡኝ,loan
Loan application ለመሙላት መረጃ እፈልጋለሁ,loan
የOTP ኮድ አልደረሰኝም በሞባይል ባንኪንግ። በፍጥነት እንዲፈታ እፈልጋለሁ,technical issue
ቅሬታዬ አልተመለሰም በሞባይል ባንኪንግ,complaint
ለንግድ ብድር መውሰድ እፈልጋለሁ። በፍጥነት እንዲፈታ እፈልጋለሁ,loan
የመለያ መክፈቻ ሰነዶች ምንድናቸው,account
ወደ መተግበሪያው መግባት አልቻልኩም በሀዋሳ በቅርንጫፍ። መረጃ ይስጡኝ,technical issue
ቅሬታዬ አልተመለሰም በጎንደር,complaint
የውጭ ሀገር ገንዘብ መቀበል እፈልጋለሁ በቅርንጫፍ። መፍትሄ እፈልጋለሁ,money transfer
ለንግድ ብድር መውሰድ እፈልጋለሁ በሞባይል ባንኪንግ,loan
የገንዘብ ማስተላለፍ ክፍያ ምን ያህል ነው በባህር ዳር በኮል ሴንተር። በፍጥነት እንዲፈታ እፈልጋለሁ,money transfer
የመለያ ቀሪ ሂሳብ መፈተሽ እፈልጋለሁ በጅማ በቅርንጫፍ,account
የወቅታዊ መለያ መክፈት እፈልጋለሁ በአዲስ አበባ,account
መተግበሪያው ሲገባ ይዘጋል በሞባይል ባንኪንግ,technical issue
የሞባይል መተግበሪያው አይሰራም በድሬዳዋ በኮል ሴንተር,technical issue
የመለያ ሚስጥር ቃል ማደስ እፈልጋለሁ በጅማ በኤጀንት ባንኪንግ። መፍትሄ እፈልጋለሁ,account
የቅርንጫፍ አገልግሎት የተደራጀ አይደለም። እባክዎ ይረዱኝ,complaint
ኤቲኤም ገንዘብ ቆርጦ አልሰጠኝም በአዳማ በኮል ሴንተር,complaint
OTP code አልደረሰኝም ግብይት ማጠናቀቅ አልቻልኩም,technical issue
የቅርንጫፍ አገልግሎት የተደራጀ አይደለም በሞባይል ባንኪንግ,complaint
የመለያዬን መረጃ ማዘመን እፈልጋለሁ። በፍጥነት እንዲፈታ እፈልጋለሁ,account
ወደ ቤተሰቤ ገንዘብ ማስተላለፍ እፈልጋለሁ። በፍጥነት እንዲፈታ እፈልጋለሁ,money transfer
በቅርንጫፉ ውስጥ ብዙ ጊዜ ጠበቅሁ። መረጃ ይስጡኝ,complaint
Transfer አልተሳካም ገንዘብ ተቆርጧል,money transfer
የብድር ሂደት እንዴት ነው በድሬዳዋ,loan
የባንክ ክፍያዎች በጣም ከፍተኛ ናቸው በባህር ዳር በሞባይል ባንኪንግ,complaint
መለያዬ ታግዷል እርዳታ እፈልጋለሁ በቅርንጫፍ,account
ባንኩ መረጃውን ግልጽ አላደረገም,complaint
ቅሬታዬ አልተመለሰም በመቀሌ በኤቲኤም። እባክዎ ይረዱኝ,complaint
በሞባይል ባንኪንግ ገንዘብ መላክ እፈልጋለሁ። መረጃ ይስጡኝ,money transfer
ATM ገንዘብ ቆርጦ አልሰጠኝም,complaint
ወደ ቤተሰቤ ገንዘብ ማስተላለፍ እፈልጋለሁ። መረጃ ይስጡኝ,money transfer
የገንዘብ ማስተላለፍ ክፍያ ምን ያህል ነው,money transfer
መለያዬ ታግዷል እርዳታ እፈልጋለሁ,account
የተማሪ ብድር አለ ወይ። በፍጥነት እንዲፈታ እፈልጋለሁ,loan
Transfer አልተሳካም ገንዘብ ተቆርጧል,money transfer
የተላከው ገንዘብ መቼ ይደርሳል በድሬዳዋ በኤጀንት ባንኪንግ,money transfer
በቅርንጫፉ ውስጥ ብዙ ጊዜ ጠበቅሁ። በፍጥነት እንዲፈታ እፈልጋለሁ,complaint
OTP code አልደረሰኝም ግብይት ማጠናቀቅ አልቻልኩም,technical issue
የመለያ ሚስጥር ቃል ማደስ እፈልጋለሁ። እባክዎ ይረዱኝ,account
የውጭ ሀገር ገንዘብ መቀበል እፈልጋለሁ በአዲስ አበባ በኤቲኤም። ምን ማድረግ አለብኝ,money transfer
የሲስተም ችግር ተፈጥሯል,technical issue
መለያዬ ታግዷል እርዳታ እፈልጋለሁ በሞባይል ባንኪንግ። መረጃ ይስጡኝ,account
ኤቲኤም ገንዘብ ቆርጦ አልሰጠኝም በአዲስ አበባ,complaint
ወደ ቤተሰቤ ገንዘብ ማስተላለፍ እፈልጋለሁ በኦንላይን ስርዓት,money transfer
ገንዘብ ተቆርጦ አልደረሰም በጅማ,money transfer
የቅርንጫፍ አገልግሎት የተደራጀ አይደለም በቅርንጫፍ,complaint
የዲጂታል ባንኪንግ ምዝገባ አልተሳካም በባህር ዳር በኮል ሴንተር። መረጃ ይስጡኝ,technical issue
መተግበሪያው ሲገባ ይዘጋል። መፍትሄ እፈልጋለሁ,technical issue
መተግበሪያው በጣም ይዘገያል በመቀሌ በኤቲኤም። እባክዎ ይረዱኝ,technical issue
Account balance ማየት አልቻልኩም,account
የኔትወርክ ችግር በግብይት ጊዜ ተፈጥሯል,technical issue
በሞባይል ባንኪንግ ገንዘብ መላክ እፈልጋለሁ በኮል ሴንተር,money transfer
የብድር ማመልከቻዬ ለምን ዘገየ በድሬዳዋ,loan
ወደ ቤተሰቤ ገንዘብ ማስተላለፍ እፈልጋለሁ በአዳማ በቅርንጫፍ,money transfer
የኔትወርክ ችግር በግብይት ጊዜ ተፈጥሯል በባህር ዳር በቅርንጫፍ,technical issue
በሞባይል ባንኪንግ ገንዘብ መላክ እፈልጋለሁ በኦንላይን ስርዓት። ምን ማድረግ አለብኝ,money transfer
የኤቲኤም ሲስተም ችግር አለበት። በፍጥነት እንዲፈታ እፈልጋለሁ,technical issue
የብድር ወለድ መጠን ምን ያህል ነው። መረጃ ይስጡኝ,loan
የብድር ሂደት እንዴት ነው,loan
የተሰጠኝ አገልግሎት ደካማ ነበር በኤቲኤም,complaint
መተግበሪያው በጣም ይዘገያል በአዲስ አበባ,technical issue
የተላከው ገንዘብ መቼ ይደርሳል። በፍጥነት እንዲፈታ እፈልጋለሁ,money transfer
የመለያዬን ቁጥር ረሳሁ,account
የሲስተም ችግር ተፈጥሯል በመቀሌ,technical issue
የቁጠባ መለያ መክፈት እፈልጋለሁ በሀዋሳ,account
የመለያ መክፈቻ ሰነዶች ምንድናቸው በመቀሌ። ምን ማድረግ አለብኝ,account
የተሰጠኝ አገልግሎት ደካማ ነበር በቅርንጫፍ። መረጃ ይስጡኝ,complaint
ገንዘብ ወደ ሌላ መለያ ማስተላለፍ እፈልጋለሁ በባህር ዳር,money transfer
የተሳሳተ መለያ ላይ ገንዘብ ላክሁ። በፍጥነት እንዲፈታ እፈልጋለሁ,money transfer
OTP code አልደረሰኝም ግብይት ማጠናቀቅ አልቻልኩም,technical issue
የመለያ ሚስጥር ቃል ማደስ እፈልጋለሁ በድሬዳዋ በኦንላይን ስርዓት,account
የዲጂታል ባንኪንግ ምዝገባ አልተሳካም። እባክዎ ይረዱኝ,technical issue
የገንዘብ ማስተላለፍ ክፍያ ምን ያህል ነው,money transfer
የብድር ወለድ መጠን ምን ያህል ነው በቅርንጫፍ,loan
የብድር ወለድ መጠን ምን ያህል ነው በሞባይል ባንኪንግ። መፍትሄ እፈልጋለሁ,loan
ገንዘብ ወደ ሌላ መለያ ማስተላለፍ እፈልጋለሁ በኮል ሴንተር,money transfer
የብድር ወለድ መጠን ምን ያህል ነው በኤጀንት ባንኪንግ። መፍትሄ እፈልጋለሁ,loan
Loan application ለመሙላት መረጃ እፈልጋለሁ,loan
ወደ ቤተሰቤ ገንዘብ ማስተላለፍ እፈልጋለሁ በሀዋሳ በሞባይል ባንኪንግ። ምን ማድረግ አለብኝ,money transfer
ሰራተኛው በአክብሮት አላገለገለኝም በአዲስ አበባ,complaint
የባንክ ክፍያዎች በጣም ከፍተኛ ናቸው በአዳማ በኮል ሴንተር። መረጃ ይስጡኝ,complaint
Loan application ለመሙላት መረጃ እፈልጋለሁ,loan
መለያዬ ታግዷል እርዳታ እፈልጋለሁ በሞባይል ባንኪንግ። መረጃ ይስጡኝ,account
የቁጠባ መለያ መክፈት እፈልጋለሁ በኮል ሴንተር። ምን ማድረግ አለብኝ,account
የግብርና ብድር መውሰድ እፈልጋለሁ በኮል ሴንተር,loan
በቅርንጫፉ ውስጥ ብዙ ጊዜ ጠበቅሁ በሀዋሳ። መረጃ ይስጡኝ,complaint
ወደ መተግበሪያው መግባት አልቻልኩም በባህር ዳር በኤቲኤም,technical issue
ባንኩ መረጃውን ግልጽ አላደረገም በአዳማ,complaint
ለንግድ ብድር መውሰድ እፈልጋለሁ,loan
ባንኩ መረጃውን ግልጽ አላደረገም በመቀሌ። መፍትሄ እፈልጋለሁ,complaint
የመለያዬን መረጃ ማዘመን እፈልጋለሁ። መፍትሄ እፈልጋለሁ,account
በቅርንጫፉ ውስጥ ብዙ ጊዜ ጠበቅሁ በጅማ በኤቲኤም። ምን ማድረግ አለብኝ,complaint
የቅርንጫፍ አገልግሎት የተደራጀ አይደለም በሞባይል ባንኪንግ,complaint
የመለያ ሚስጥር ቃል ማደስ እፈልጋለሁ,account
የገንዘብ መላኪያ ማረጋገጫ አልደረሰኝም በመቀሌ። በፍጥነት እንዲፈታ እፈልጋለሁ,money transfer
የተሳሳተ መለያ ላይ ገንዘብ ላክሁ። መፍትሄ እፈልጋለሁ,money transfer
የብድር ወለድ መጠን ምን ያህል ነው በኮል ሴንተር። ምን ማድረግ አለብኝ,loan
በሞባይል ባንኪንግ ገንዘብ መላክ እፈልጋለሁ በባህር ዳር። መፍትሄ እፈልጋለሁ,money transfer
የኔትወርክ ችግር በግብይት ጊዜ ተፈጥሯል በጅማ በኤጀንት ባንኪንግ። መፍትሄ እፈልጋለሁ,technical issue
መተግበሪያው ሲገባ ይዘጋል። መፍትሄ እፈልጋለሁ,technical issue
ሰራተኛው በአክብሮት አላገለገለኝም በሀዋሳ,complaint
በባንኩ አገልግሎት አልተደሰትኩም በኤጀንት ባንኪንግ። በፍጥነት እንዲፈታ እፈልጋለሁ,complaint
የቤት ብድር መረጃ እፈልጋለሁ በመቀሌ በኦንላይን ስርዓት,loan
የሲስተም ችግር ተፈጥሯል በኦንላይን ስርዓት። እባክዎ ይረዱኝ,technical issue
መለያዬ ታግዷል እርዳታ እፈልጋለሁ በባህር ዳር በኤጀንት ባንኪንግ,account
የውጭ ሀገር ገንዘብ መቀበል እፈልጋለሁ በሞባይል ባንኪንግ። እባክዎ ይረዱኝ,money transfer
በቅርንጫፉ ውስጥ ብዙ ጊዜ ጠበቅሁ በአዲስ አበባ በኦንላይን ስርዓት,complaint
በቅርንጫፉ ውስጥ ብዙ ጊዜ ጠበቅሁ በባህር ዳር,complaint
የቅርንጫፍ አገልግሎት የተደራጀ አይደለም በአዳማ,complaint
የባንክ ክፍያዎች በጣም ከፍተኛ ናቸው በጎንደር። በፍጥነት እንዲፈታ እፈልጋለሁ,complaint
የገንዘብ ማስተላለፊያ ሂደት አልተሳካም። በፍጥነት እንዲፈታ እፈልጋለሁ,money transfer
ወደ መተግበሪያው መግባት አልቻልኩም በኤቲኤም,technical issue
የተሳሳተ መለያ ላይ ገንዘብ ላክሁ በሀዋሳ። መረጃ ይስጡኝ,money transfer
የተሳሳተ መለያ ላይ ገንዘብ ላክሁ በኮል ሴንተር,money transfer
በሞባይል ባንኪንግ ገንዘብ መላክ እፈልጋለሁ በጅማ። መፍትሄ እፈልጋለሁ,money transfer
የቁጠባ መለያ መክፈት እፈልጋለሁ በኤቲኤም። በፍጥነት እንዲፈታ እፈልጋለሁ,account
የብድር መስፈርቶች ምንድናቸው በሀዋሳ። ምን ማድረግ አለብኝ,loan
የብድር ወለድ መጠን ምን ያህል ነው በሀዋሳ,loan
የመለያዬን ቁጥር ረሳሁ በድሬዳዋ,account
አዲስ የባንክ መለያ መክፈት እፈልጋለሁ,account
የብድር መስፈርቶች ምንድናቸው በአዳማ,loan
ባንኩ መረጃውን ግልጽ አላደረገም በጎንደር በኤቲኤም። ምን ማድረግ አለብኝ,complaint
መተግበሪያው ሲገባ ይዘጋል በሀዋሳ። መፍትሄ እፈልጋለሁ,technical issue
በቅርንጫፉ ውስጥ ብዙ ጊዜ ጠበቅሁ በኦንላይን ስርዓት። እባክዎ ይረዱኝ,complaint
የባንክ ክፍያዎች በጣም ከፍተኛ ናቸው በሀዋሳ በቅርንጫፍ። በፍጥነት እንዲፈታ እፈልጋለሁ,complaint
የመለያዬን ቁጥር ረሳሁ በኮል ሴንተር,account
የብድር መስፈርቶች ምንድናቸው,loan
የተላከው ገንዘብ መቼ ይደርሳል። በፍጥነት እንዲፈታ እፈልጋለሁ,money transfer
የኤቲኤም ሲስተም ችግር አለበት። እባክዎ ይረዱኝ,technical issue
Loan application ለመሙላት መረጃ እፈልጋለሁ,loan
ብድር ለመክፈል መረጃ እፈልጋለሁ በኤቲኤም,loan
የብድር ወለድ መጠን ምን ያህል ነው በድሬዳዋ በኮል ሴንተር። እባክዎ ይረዱኝ,loan
የተሳሳተ መለያ ላይ ገንዘብ ላክሁ,money transfer
Account balance ማየት አልቻልኩም,account
የOTP ኮድ አልደረሰኝም በሀዋሳ። በፍጥነት እንዲፈታ እፈልጋለሁ,technical issue
ቅሬታዬ አልተመለሰም በአዲስ አበባ,complaint
የሲስተም ችግር ተፈጥሯል,technical issue
የገንዘብ መላኪያ ማረጋገጫ አልደረሰኝም በባህር ዳር በኤጀንት ባንኪንግ። መረጃ ይስጡኝ,money transfer
የብድር ጥያቄ ማቅረብ እፈልጋለሁ በሀዋሳ,loan
በባንኩ አገልግሎት አልተደሰትኩም በጎንደር በኮል ሴንተር። እባክዎ ይረዱኝ,complaint
የመለያዬን መረጃ ማዘመን እፈልጋለሁ በድሬዳዋ። በፍጥነት እንዲፈታ እፈልጋለሁ,account
የተላከው ገንዘብ መቼ ይደርሳል በኦንላይን ስርዓት,money transfer
ገንዘብ ተቆርጦ አልደረሰም በመቀሌ። እባክዎ ይረዱኝ,money transfer
የኤቲኤም ሲስተም ችግር አለበት። ምን ማድረግ አለብኝ,technical issue
በሞባይል ባንኪንግ ገንዘብ መላክ እፈልጋለሁ። መረጃ ይስጡኝ,money transfer
የመለያ ቀሪ ሂሳብ መፈተሽ እፈልጋለሁ። በፍጥነት እንዲፈታ እፈልጋለሁ,account
በቅርንጫፉ ውስጥ ብዙ ጊዜ ጠበቅሁ በኦንላይን ስርዓት። እባክዎ ይረዱኝ,complaint
የገንዘብ መላኪያ ማረጋገጫ አልደረሰኝም,money transfer
ገንዘብ ተቆርጦ አልደረሰም በሞባይል ባንኪንግ,money transfer
የተማሪ ብድር አለ ወይ,loan
አዲስ የባንክ መለያ መክፈት እፈልጋለሁ በሞባይል ባንኪንግ። ምን ማድረግ አለብኝ,account
Loan application ለመሙላት መረጃ እፈልጋለሁ,loan
የደንበኛ አገልግሎት በጣም ዘገየ በጎንደር። መረጃ ይስጡኝ,complaint
የውጭ ሀገር ገንዘብ መቀበል እፈልጋለሁ በቅርንጫፍ። ምን ማድረግ አለብኝ,money transfer
Loan application ለመሙላት መረጃ እፈልጋለሁ,loan
የተማሪ ብድር አለ ወይ። መረጃ ይስጡኝ,loan
የተላከው ገንዘብ መቼ ይደርሳል በኮል ሴንተር። ምን ማድረግ አለብኝ,money transfer
መተግበሪያው ሲገባ ይዘጋል በሞባይል ባንኪንግ። መረጃ ይስጡኝ,technical issue
ATM ገንዘብ ቆርጦ አልሰጠኝም,complaint
የገንዘብ ማስተላለፊያ ሂደት አልተሳካም በሀዋሳ በኦንላይን ስርዓት። እባክዎ ይረዱኝ,money transfer
የመለያ ሚስጥር ቃል ማደስ እፈልጋለሁ,account
ለንግድ ብድር መውሰድ እፈልጋለሁ በኦንላይን ስርዓት። በፍጥነት እንዲፈታ እፈልጋለሁ,loan
የወቅታዊ መለያ መክፈት እፈልጋለሁ። መረጃ ይስጡኝ,account
የብድር ሂደት እንዴት ነው በባህር ዳር በቅርንጫፍ,loan
የደንበኛ አገልግሎት በጣም ዘገየ,complaint
ገንዘብ ተቆርጦ አልደረሰም በአዲስ አበባ,money transfer
መተግበሪያው ሲገባ ይዘጋል,technical issue
Mobile banking መተግበሪያው አይከፈትም እባክዎ ይረዱኝ,technical issue
የውጭ ሀገር ገንዘብ መቀበል እፈልጋለሁ። በፍጥነት እንዲፈታ እፈልጋለሁ,money transfer
የተላከው ገንዘብ መቼ ይደርሳል በኦንላይን ስርዓት። መረጃ ይስጡኝ,money transfer
የግብርና ብድር መውሰድ እፈልጋለሁ በቅርንጫፍ። በፍጥነት እንዲፈታ እፈልጋለሁ,loan
ገንዘብ ተቆርጦ አልደረሰም በኤጀንት ባንኪንግ,money transfer
የሲስተም ችግር ተፈጥሯል በኮል ሴንተር። መረጃ ይስጡኝ,technical issue
የቤት ብድር መረጃ እፈልጋለሁ በጅማ። መረጃ ይስጡኝ,loan
የመለያዬን መረጃ ማዘመን እፈልጋለሁ በድሬዳዋ,account
Account balance ማየት አልቻልኩም,account
በባንኩ አገልግሎት አልተደሰትኩም። እባክዎ ይረዱኝ,complaint
የመለያዬን መረጃ ማዘመን እፈልጋለሁ በድሬዳዋ በቅርንጫፍ። መረጃ ይስጡኝ,account
የደንበኛ አገልግሎት በጣም ዘገየ,complaint
የውጭ ሀገር ገንዘብ መቀበል እፈልጋለሁ በኦንላይን ስርዓት። በፍጥነት እንዲፈታ እፈልጋለሁ,money transfer
የሲስተም ችግር ተፈጥሯል በድሬዳዋ በኦንላይን ስርዓት። መፍትሄ እፈልጋለሁ,technical issue
ገንዘብ ተቆርጦ አልደረሰም። ምን ማድረግ አለብኝ,money transfer
የኤቲኤም ሲስተም ችግር አለበት በባህር ዳር,technical issue
ATM ገንዘብ ቆርጦ አልሰጠኝም,complaint
የመለያ ቀሪ ሂሳብ መፈተሽ እፈልጋለሁ በሀዋሳ በኤጀንት ባንኪንግ,account
የብድር ማመልከቻዬ ለምን ዘገየ። እባክዎ ይረዱኝ,loan
የቁጠባ መለያ መክፈት እፈልጋለሁ,account
የኤቲኤም ሲስተም ችግር አለበት በኤቲኤም። መፍትሄ እፈልጋለሁ,technical issue
መለያዬ ታግዷል እርዳታ እፈልጋለሁ,account
አዲስ የባንክ መለያ መክፈት እፈልጋለሁ በድሬዳዋ በኮል ሴንተር። እባክዎ ይረዱኝ,account
የመለያ ሚስጥር ቃል ማደስ እፈልጋለሁ። ምን ማድረግ አለብኝ,account
የግብርና ብድር መውሰድ እፈልጋለሁ በድሬዳዋ በኦንላይን ስርዓት። ምን ማድረግ አለብኝ,loan
በባንኩ አገልግሎት አልተደሰትኩም በመቀሌ። መፍትሄ እፈልጋለሁ,complaint
የኦንላይን ክፍያ ሲስተም አልሰራም,technical issue
በባንኩ አገልግሎት አልተደሰትኩም,complaint
ATM ገንዘብ ቆርጦ አልሰጠኝም,complaint
ለንግድ ብድር መውሰድ እፈልጋለሁ በጅማ። መፍትሄ እፈልጋለሁ,loan
የቅርንጫፍ አገልግሎት የተደራጀ አይደለም,complaint
በባንኩ አገልግሎት አልተደሰትኩም። በፍጥነት እንዲፈታ እፈልጋለሁ,complaint
የደንበኛ አገልግሎት በጣም ዘገየ። በፍጥነት እንዲፈታ እፈልጋለሁ,complaint
የገንዘብ መላኪያ ማረጋገጫ አልደረሰኝም። መፍትሄ እፈልጋለሁ,money transfer
የዲጂታል ባንኪንግ ምዝገባ አልተሳካም,technical issue
የደንበኛ አገልግሎት በጣም ዘገየ። በፍጥነት እንዲፈታ እፈልጋለሁ,complaint
የብድር ጥያቄ ማቅረብ እፈልጋለሁ በባህር ዳር። በፍጥነት እንዲፈታ እፈልጋለሁ,loan
ቅሬታዬ አልተመለሰም በጅማ,complaint
የኤቲኤም ሲስተም ችግር አለበት,technical issue
Loan application ለመሙላት መረጃ እፈልጋለሁ,loan
የተላከው ገንዘብ መቼ ይደርሳል በባህር ዳር። መፍትሄ እፈልጋለሁ,money transfer
የባንክ ካርድ ከመለያዬ ጋር ማገናኘት እፈልጋለሁ በጎንደር በኤጀንት ባንኪንግ። መፍትሄ እፈልጋለሁ,account
ወደ ቤተሰቤ ገንዘብ ማስተላለፍ እፈልጋለሁ በአዲስ አበባ,money transfer
መተግበሪያው ሲገባ ይዘጋል,technical issue
የወቅታዊ መለያ መክፈት እፈልጋለሁ በሞባይል ባንኪንግ። እባክዎ ይረዱኝ,account
የባንክ ካርድ ከመለያዬ ጋር ማገናኘት እፈልጋለሁ በጅማ በኦንላይን ስርዓት። መረጃ ይስጡኝ,account
የቅርንጫፍ አገልግሎት የተደራጀ አይደለም በድሬዳዋ። መረጃ ይስጡኝ,complaint
ባንኩ መረጃውን ግልጽ አላደረገም በመቀሌ። እባክዎ ይረዱኝ,complaint
ወደ ቤተሰቤ ገንዘብ ማስተላለፍ እፈልጋለሁ በቅርንጫፍ,money transfer
የወቅታዊ መለያ መክፈት እፈልጋለሁ። በፍጥነት እንዲፈታ እፈልጋለሁ,account
የውጭ ሀገር ገንዘብ መቀበል እፈልጋለሁ በጎንደር,money transfer
የኤቲኤም ሲስተም ችግር አለበት። ምን ማድረግ አለብኝ,technical issue
መተግበሪያው ሲገባ ይዘጋል በኤቲኤም። እባክዎ ይረዱኝ,technical issue
ሰራተኛው በአክብሮት አላገለገለኝም በኮል ሴንተር,complaint
ገንዘብ ወደ ሌላ መለያ ማስተላለፍ እፈልጋለሁ በባህር ዳር በኤጀንት ባንኪንግ። ምን ማድረግ አለብኝ,money transfer
የብድር ወለድ መጠን ምን ያህል ነው,loan
በሞባይል ባንኪንግ ገንዘብ መላክ እፈልጋለሁ። ምን ማድረግ አለብኝ,money transfer
ባንኩ መረጃውን ግልጽ አላደረገም በድሬዳዋ። በፍጥነት እንዲፈታ እፈልጋለሁ,complaint
የገንዘብ መላኪያ ማረጋገጫ አልደረሰኝም። መረጃ ይስጡኝ,money transfer
ለንግድ ብድር መውሰድ እፈልጋለሁ በድሬዳዋ,loan
የገንዘብ ማስተላለፍ ክፍያ ምን ያህል ነው በአዳማ። እባክዎ ይረዱኝ,money transfer
Mobile banking መተግበሪያው አይከፈትም እባክዎ ይረዱኝ,technical issue
ገንዘብ ተቆርጦ አልደረሰም,money transfer
የመለያ ሚስጥር ቃል ማደስ እፈልጋለሁ በባህር ዳር። በፍጥነት እንዲፈታ እፈልጋለሁ,account
የብድር ወለድ መጠን ምን ያህል ነው,loan
የገንዘብ ማስተላለፊያ ሂደት አልተሳካም በመቀሌ። መረጃ ይስጡኝ,money transfer
ባንኩ መረጃውን ግልጽ አላደረገም በሀዋሳ በኮል ሴንተር,complaint
የገንዘብ መላኪያ ማረጋገጫ አልደረሰኝም በኤቲኤም። መፍትሄ እፈልጋለሁ,money transfer
የውጭ ሀገር ገንዘብ መቀበል እፈልጋለሁ በኦንላይን ስርዓት። ምን ማድረግ አለብኝ,money transfer
የብድር መስፈርቶች ምንድናቸው በሀዋሳ። እባክዎ ይረዱኝ,loan
ATM ገንዘብ ቆርጦ አልሰጠኝም,complaint
ኤቲኤም ገንዘብ ቆርጦ አልሰጠኝም በባህር ዳር በኤቲኤም። እባክዎ ይረዱኝ,complaint
የውጭ ሀገር ገንዘብ መቀበል እፈልጋለሁ በአዳማ በቅርንጫፍ። መረጃ ይስጡኝ,money transfer
የተሳሳተ መለያ ላይ ገንዘብ ላክሁ በአዲስ አበባ። ምን ማድረግ አለብኝ,money transfer
የሞባይል መተግበሪያው አይሰራም በአዳማ። መፍትሄ እፈልጋለሁ,technical issue
Transfer አልተሳካም ገንዘብ ተቆርጧል,money transfer
የቤት ብድር መረጃ እፈልጋለሁ በባህር ዳር በኤቲኤም። በፍጥነት እንዲፈታ እፈልጋለሁ,loan
ኤቲኤም ገንዘብ ቆርጦ አልሰጠኝም። መረጃ ይስጡኝ,complaint
መተግበሪያው በጣም ይዘገያል በድሬዳዋ በቅርንጫፍ,technical issue
የብድር መስፈርቶች ምንድናቸው በኮል ሴንተር። መፍትሄ እፈልጋለሁ,loan
ATM ገንዘብ ቆርጦ አልሰጠኝም,complaint
Transfer አልተሳካም ገንዘብ ተቆርጧል,money transfer
የወቅታዊ መለያ መክፈት እፈልጋለሁ በአዳማ,account
ኤቲኤም ገንዘብ ቆርጦ አልሰጠኝም በአዲስ አበባ,complaint
ሰራተኛው በአክብሮት አላገለገለኝም። በፍጥነት እንዲፈታ እፈልጋለሁ,complaint
የተላከው ገንዘብ መቼ ይደርሳል,money transfer
የOTP ኮድ አልደረሰኝም በኮል ሴንተር። መረጃ ይስጡኝ,technical issue
የቁጠባ መለያ መክፈት እፈልጋለሁ በአዲስ አበባ,account
የሞባይል መተግበሪያው አይሰራም,technical issue
የመለያ ሚስጥር ቃል ማደስ እፈልጋለሁ። መፍትሄ እፈልጋለሁ,account
የብድር መስፈርቶች ምንድናቸው በጎንደር በኮል ሴንተር,loan
ሰራተኛው በአክብሮት አላገለገለኝም,complaint
የOTP ኮድ አልደረሰኝም በአዳማ በቅርንጫፍ። መፍትሄ እፈልጋለሁ,technical issue
የመለያ ቀሪ ሂሳብ መፈተሽ እፈልጋለሁ በኦንላይን ስርዓት። ምን ማድረግ አለብኝ,account
የተማሪ ብድር አለ ወይ በሀዋሳ በኤጀንት ባንኪንግ,loan
የዲጂታል ባንኪንግ ምዝገባ አልተሳካም በጅማ። ምን ማድረግ አለብኝ,technical issue
ገንዘብ ተቆርጦ አልደረሰም። ምን ማድረግ አለብኝ,money transfer
በሞባይል ባንኪንግ ገንዘብ መላክ እፈልጋለሁ በኦንላይን ስርዓት። መረጃ ይስጡኝ,money transfer
የደንበኛ አገልግሎት በጣም ዘገየ። መፍትሄ እፈልጋለሁ,complaint
በባንኩ አገልግሎት አልተደሰትኩም በባህር ዳር። እባክዎ ይረዱኝ,complaint
የመለያዬን መረጃ ማዘመን እፈልጋለሁ። እባክዎ ይረዱኝ,account
ቅሬታዬ አልተመለሰም በኦንላይን ስርዓት,complaint
የገንዘብ መላኪያ ማረጋገጫ አልደረሰኝም በሀዋሳ,money transfer
የመለያ ቀሪ ሂሳብ መፈተሽ እፈልጋለሁ በሞባይል ባንኪንግ። እባክዎ ይረዱኝ,account
የመለያ ሚስጥር ቃል ማደስ እፈልጋለሁ በአዳማ,account
አዲስ የባንክ መለያ መክፈት እፈልጋለሁ። መፍትሄ እፈልጋለሁ,account
የቤት ብድር መረጃ እፈልጋለሁ በጎንደር,loan
የተላከው ገንዘብ መቼ ይደርሳል በኮል ሴንተር። መፍትሄ እፈልጋለሁ,money transfer
የብድር ሂደት እንዴት ነው በኮል ሴንተር,loan
ባንኩ መረጃውን ግልጽ አላደረገም በኦንላይን ስርዓት። ምን ማድረግ አለብኝ,complaint
በሞባይል ባንኪንግ ገንዘብ መላክ እፈልጋለሁ። በፍጥነት እንዲፈታ እፈልጋለሁ,money transfer
መተግበሪያው ሲገባ ይዘጋል በአዲስ አበባ። በፍጥነት እንዲፈታ እፈልጋለሁ,technical issue
የመለያዬን መረጃ ማዘመን እፈልጋለሁ,account
በባንኩ አገልግሎት አልተደሰትኩም,complaint
መለያዬ ታግዷል እርዳታ እፈልጋለሁ። በፍጥነት እንዲፈታ እፈልጋለሁ,account
የተሳሳተ መለያ ላይ ገንዘብ ላክሁ,money transfer
በቅርንጫፉ ውስጥ ብዙ ጊዜ ጠበቅሁ። ምን ማድረግ አለብኝ,complaint
የተሰጠኝ አገልግሎት ደካማ ነበር,complaint
የብድር ወለድ መጠን ምን ያህል ነው በኦንላይን ስርዓት,loan
የተሰጠኝ አገልግሎት ደካማ ነበር በመቀሌ,complaint
የገንዘብ ማስተላለፊያ ሂደት አልተሳካም በሞባይል ባንኪንግ። መረጃ ይስጡኝ,money transfer
የባንክ ካርድ ከመለያዬ ጋር ማገናኘት እፈልጋለሁ። እባክዎ ይረዱኝ,account
ለንግድ ብድር መውሰድ እፈልጋለሁ በመቀሌ። እባክዎ ይረዱኝ,loan
ሰራተኛው በአክብሮት አላገለገለኝም በሀዋሳ በሞባይል ባንኪንግ,complaint
ወደ ቤተሰቤ ገንዘብ ማስተላለፍ እፈልጋለሁ በመቀሌ,money transfer
ወደ ቤተሰቤ ገንዘብ ማስተላለፍ እፈልጋለሁ በጅማ። በፍጥነት እንዲፈታ እፈልጋለሁ,money transfer
ገንዘብ ወደ ሌላ መለያ ማስተላለፍ እፈልጋለሁ በኦንላይን ስርዓት። እባክዎ ይረዱኝ,money transfer
መለያዬ ታግዷል እርዳታ እፈልጋለሁ። እባክዎ ይረዱኝ,account
OTP code አልደረሰኝም ግብይት ማጠናቀቅ አልቻልኩም,technical issue
የቤት ብድር መረጃ እፈልጋለሁ በባህር ዳር። እባክዎ ይረዱኝ,loan
የብድር ጥያቄ ማቅረብ እፈልጋለሁ,loan
መተግበሪያው በጣም ይዘገያል በሀዋሳ በኤቲኤም። መረጃ ይስጡኝ,technical issue
OTP code አልደረሰኝም ግብይት ማጠናቀቅ አልቻልኩም,technical issue
የደንበኛ አገልግሎት በጣም ዘገየ በኦንላይን ስርዓት,complaint
የቅርንጫፍ አገልግሎት የተደራጀ አይደለም። በፍጥነት እንዲፈታ እፈልጋለሁ,complaint
Loan application ለመሙላት መረጃ እፈልጋለሁ,loan
የቤት ብድር መረጃ እፈልጋለሁ። በፍጥነት እንዲፈታ እፈልጋለሁ,loan
የተሰጠኝ አገልግሎት ደካማ ነበር,complaint
የተሰጠኝ አገልግሎት ደካማ ነበር በቅርንጫፍ። በፍጥነት እንዲፈታ እፈልጋለሁ,complaint
OTP code አልደረሰኝም ግብይት ማጠናቀቅ አልቻልኩም,technical issue
የኦንላይን ክፍያ ሲስተም አልሰራም በመቀሌ,technical issue
የውጭ ሀገር ገንዘብ መቀበል እፈልጋለሁ። እባክዎ ይረዱኝ,money transfer
ለንግድ ብድር መውሰድ እፈልጋለሁ በጅማ,loan
የቁጠባ መለያ መክፈት እፈልጋለሁ በኦንላይን ስርዓት,account
የባንክ ካርድ ከመለያዬ ጋር ማገናኘት እፈልጋለሁ በአዳማ። መረጃ ይስጡኝ,account
የኦንላይን ክፍያ ሲስተም አልሰራም,technical issue
የሲስተም ችግር ተፈጥሯል በኮል ሴንተር,technical issue
የኦንላይን ክፍያ ሲስተም አልሰራም,technical issue
የመለያዬን ቁጥር ረሳሁ በኦንላይን ስርዓት። መረጃ ይስጡኝ,account
በባንኩ አገልግሎት አልተደሰትኩም በአዲስ አበባ,complaint
የመለያ ቀሪ ሂሳብ መፈተሽ እፈልጋለሁ በድሬዳዋ በኦንላይን ስርዓት። መረጃ ይስጡኝ,account
የግብርና ብድር መውሰድ እፈልጋለሁ በኮል ሴንተር,loan
የሞባይል መተግበሪያው አይሰራም በአዳማ። በፍጥነት እንዲፈታ እፈልጋለሁ,technical issue
በባንኩ አገልግሎት አልተደሰትኩም በኤቲኤም,complaint
የብድር መስፈርቶች ምንድናቸው በአዳማ። ምን ማድረግ አለብኝ,loan
በቅርንጫፉ ውስጥ ብዙ ጊዜ ጠበቅሁ በሀዋሳ በቅርንጫፍ,complaint
Account balance ማየት አልቻልኩም,account
የባንክ ካርድ ከመለያዬ ጋር ማገናኘት እፈልጋለሁ በጅማ። መፍትሄ እፈልጋለሁ,account
የገንዘብ መላኪያ ማረጋገጫ አልደረሰኝም በድሬዳዋ። መፍትሄ እፈልጋለሁ,money transfer
ወደ መተግበሪያው መግባት አልቻልኩም,technical issue
የቅርንጫፍ አገልግሎት የተደራጀ አይደለም,complaint
የኦንላይን ክፍያ ሲስተም አልሰራም በመቀሌ,technical issue
ኤቲኤም ገንዘብ ቆርጦ አልሰጠኝም በኦንላይን ስርዓት,complaint
Mobile banking መተግበሪያው አይከፈትም እባክዎ ይረዱኝ,technical issue
የተማሪ ብድር አለ ወይ በጎንደር። ምን ማድረግ አለብኝ,loan
ገንዘብ ወደ ሌላ መለያ ማስተላለፍ እፈልጋለሁ በድሬዳዋ,money transfer
የኤቲኤም ሲስተም ችግር አለበት። በፍጥነት እንዲፈታ እፈልጋለሁ,technical issue
ብድር ለመክፈል መረጃ እፈልጋለሁ በአዳማ,loan
የብድር ማመልከቻዬ ለምን ዘገየ በመቀሌ,loan
የOTP ኮድ አልደረሰኝም በጎንደር,technical issue
የመለያ ቀሪ ሂሳብ መፈተሽ እፈልጋለሁ,account
OTP code አልደረሰኝም ግብይት ማጠናቀቅ አልቻልኩም,technical issue
የብድር ሂደት እንዴት ነው በኦንላይን ስርዓት,loan
ለንግድ ብድር መውሰድ እፈልጋለሁ በጅማ። መፍትሄ እፈልጋለሁ,loan
ገንዘብ ተቆርጦ አልደረሰም በጅማ በቅርንጫፍ። መረጃ ይስጡኝ,money transfer
የቅርንጫፍ አገልግሎት የተደራጀ አይደለም በጎንደር በቅርንጫፍ,complaint
የመለያዬን ቁጥር ረሳሁ። መረጃ ይስጡኝ,account
መተግበሪያው ሲገባ ይዘጋል በኤቲኤም,technical issue
Mobile banking መተግበሪያው አይከፈትም እባክዎ ይረዱኝ,technical issue
ገንዘብ ተቆርጦ አልደረሰም በጎንደር። እባክዎ ይረዱኝ,money transfer
ATM ገንዘብ ቆርጦ አልሰጠኝም,complaint
የውጭ ሀገር ገንዘብ መቀበል እፈልጋለሁ,money transfer
የኔትወርክ ችግር በግብይት ጊዜ ተፈጥሯል በአዲስ አበባ። ምን ማድረግ አለብኝ,technical issue
መተግበሪያው ሲገባ ይዘጋል በሞባይል ባንኪንግ። መረጃ ይስጡኝ,technical issue
የተሰጠኝ አገልግሎት ደካማ ነበር,complaint
Transfer አልተሳካም ገንዘብ ተቆርጧል,money transfer
ወደ መተግበሪያው መግባት አልቻልኩም በአዲስ አበባ,technical issue
መተግበሪያው ሲገባ ይዘጋል በባህር ዳር በቅርንጫፍ። መፍትሄ እፈልጋለሁ,technical issue
የገንዘብ መላኪያ ማረጋገጫ አልደረሰኝም,money transfer
ብድር ለመክፈል መረጃ እፈልጋለሁ,loan
ቅሬታዬ አልተመለሰም በኮል ሴንተር። ምን ማድረግ አለብኝ,complaint
ባንኩ መረጃውን ግልጽ አላደረገም በጎንደር በኤጀንት ባንኪንግ። እባክዎ ይረዱኝ,complaint
የገንዘብ ማስተላለፊያ ሂደት አልተሳካም,money transfer
ATM ገንዘብ ቆርጦ አልሰጠኝም,complaint
የገንዘብ ማስተላለፊያ ሂደት አልተሳካም። ምን ማድረግ አለብኝ,money transfer
ባንኩ መረጃውን ግልጽ አላደረገም በቅርንጫፍ,complaint
የብድር ወለድ መጠን ምን ያህል ነው። በፍጥነት እንዲፈታ እፈልጋለሁ,loan
Loan application ለመሙላት መረጃ እፈልጋለሁ,loan
የወቅታዊ መለያ መክፈት እፈልጋለሁ በባህር ዳር። መረጃ ይስጡኝ,account
ሰራተኛው በአክብሮት አላገለገለኝም በጎንደር በኤቲኤም። መፍትሄ እፈልጋለሁ,complaint
የOTP ኮድ አልደረሰኝም በቅርንጫፍ,technical issue
የOTP ኮድ አልደረሰኝም በሞባይል ባንኪንግ። ምን ማድረግ አለብኝ,technical issue
የብድር ጥያቄ ማቅረብ እፈልጋለሁ በኦንላይን ስርዓት። እባክዎ ይረዱኝ,loan
የወቅታዊ መለያ መክፈት እፈልጋለሁ,account
የኦንላይን ክፍያ ሲስተም አልሰራም በአዲስ አበባ,technical issue
ሰራተኛው በአክብሮት አላገለገለኝም። እባክዎ ይረዱኝ,complaint
የብድር ማመልከቻዬ ለምን ዘገየ,loan
የግብርና ብድር መውሰድ እፈልጋለሁ በኤጀንት ባንኪንግ። እባክዎ ይረዱኝ,loan
አዲስ የባንክ መለያ መክፈት እፈልጋለሁ,account
ATM ገንዘብ ቆርጦ አልሰጠኝም,complaint
የብድር ማመልከቻዬ ለምን ዘገየ በሞባይል ባንኪንግ። መፍትሄ እፈልጋለሁ,loan
Loan application ለመሙላት መረጃ እፈልጋለሁ,loan
በባንኩ አገልግሎት አልተደሰትኩም በጎንደር። መረጃ ይስጡኝ,complaint
የኤቲኤም ሲስተም ችግር አለበት በኮል ሴንተር,technical issue
የብድር ሂደት እንዴት ነው በሀዋሳ በሞባይል ባንኪንግ,loan
ባንኩ መረጃውን ግልጽ አላደረገም። ምን ማድረግ አለብኝ,complaint
የሲስተም ችግር ተፈጥሯል በጎንደር በኤጀንት ባንኪንግ,technical issue
የተሰጠኝ አገልግሎት ደካማ ነበር። በፍጥነት እንዲፈታ እፈልጋለሁ,complaint
የቁጠባ መለያ መክፈት እፈልጋለሁ በመቀሌ። ምን ማድረግ አለብኝ,account
የተማሪ ብድር አለ ወይ። ምን ማድረግ አለብኝ,loan
የሲስተም ችግር ተፈጥሯል በሀዋሳ በኮል ሴንተር,technical issue
የገንዘብ ማስተላለፍ ክፍያ ምን ያህል ነው በሞባይል ባንኪንግ። በፍጥነት እንዲፈታ እፈልጋለሁ,money transfer
የዲጂታል ባንኪንግ ምዝገባ አልተሳካም በጅማ በቅርንጫፍ። እባክዎ ይረዱኝ,technical issue
ገንዘብ ወደ ሌላ መለያ ማስተላለፍ እፈልጋለሁ በኤቲኤም,money transfer
Account balance ማየት አልቻልኩም,account
የገንዘብ ማስተላለፍ ክፍያ ምን ያህል ነው በኦንላይን ስርዓት። ምን ማድረግ አለብኝ,money transfer
የባንክ ካርድ ከመለያዬ ጋር ማገናኘት እፈልጋለሁ በኤቲኤም። ምን ማድረግ አለብኝ,account
መተግበሪያው በጣም ይዘገያል በኤቲኤም። በፍጥነት እንዲፈታ እፈልጋለሁ,technical issue
የግብርና ብድር መውሰድ እፈልጋለሁ በድሬዳዋ። መረጃ ይስጡኝ,loan
የኦንላይን ክፍያ ሲስተም አልሰራም በባህር ዳር በሞባይል ባንኪንግ። መረጃ ይስጡኝ,technical issue
የግብርና ብድር መውሰድ እፈልጋለሁ በሀዋሳ በኤቲኤም። በፍጥነት እንዲፈታ እፈልጋለሁ,loan
የመለያዬን ቁጥር ረሳሁ በጅማ,account
ገንዘብ ወደ ሌላ መለያ ማስተላለፍ እፈልጋለሁ በሞባይል ባንኪንግ,money transfer
OTP code አልደረሰኝም ግብይት ማጠናቀቅ አልቻልኩም,technical issue
OTP code አልደረሰኝም ግብይት ማጠናቀቅ አልቻልኩም,technical issue
የመለያዬን ቁጥር ረሳሁ በመቀሌ በቅርንጫፍ,account
ቅሬታዬ አልተመለሰም በአዲስ አበባ። በፍጥነት እንዲፈታ እፈልጋለሁ,complaint
የመለያ ቀሪ ሂሳብ መፈተሽ እፈልጋለሁ በአዳማ በኤቲኤም። በፍጥነት እንዲፈታ እፈልጋለሁ,account
የOTP ኮድ አልደረሰኝም በሞባይል ባንኪንግ። እባክዎ ይረዱኝ,technical issue
በባንኩ አገልግሎት አልተደሰትኩም በአዳማ በኤቲኤም,complaint
የብድር ማመልከቻዬ ለምን ዘገየ። ምን ማድረግ አለብኝ,loan
OTP code አልደረሰኝም ግብይት ማጠናቀቅ አልቻልኩም,technical issue
የመለያ ሚስጥር ቃል ማደስ እፈልጋለሁ። መረጃ ይስጡኝ,account
በባንኩ አገልግሎት አልተደሰትኩም,complaint
ATM ገንዘብ ቆርጦ አልሰጠኝም,complaint
ገንዘብ ተቆርጦ አልደረሰም በኤጀንት ባንኪንግ,money transfer
የዲጂታል ባንኪንግ ምዝገባ አልተሳካም በሀዋሳ። መፍትሄ እፈልጋለሁ,technical issue
የመለያ መክፈቻ ሰነዶች ምንድናቸው በጅማ,account
የኔትወርክ ችግር በግብይት ጊዜ ተፈጥሯል በጎንደር። መረጃ ይስጡኝ,technical issue
ለንግድ ብድር መውሰድ እፈልጋለሁ በኮል ሴንተር። መፍትሄ እፈልጋለሁ,loan
ኤቲኤም ገንዘብ ቆርጦ አልሰጠኝም በኮል ሴንተር,complaint
የሲስተም ችግር ተፈጥሯል በሀዋሳ በኤቲኤም,technical issue
የውጭ ሀገር ገንዘብ መቀበል እፈልጋለሁ,money transfer
የቤት ብድር መረጃ እፈልጋለሁ። እባክዎ ይረዱኝ,loan
ወደ ቤተሰቤ ገንዘብ ማስተላለፍ እፈልጋለሁ በአዲስ አበባ በቅርንጫፍ። ምን ማድረግ አለብኝ,money transfer
የደንበኛ አገልግሎት በጣም ዘገየ በባህር ዳር። እባክዎ ይረዱኝ,complaint
የብድር መስፈርቶች ምንድናቸው በጅማ,loan
ገንዘብ ተቆርጦ አልደረሰም በአዳማ,money transfer
የተማሪ ብድር አለ ወይ በኦንላይን ስርዓት። ምን ማድረግ አለብኝ,loan
ብድር ለመክፈል መረጃ እፈልጋለሁ,loan
ATM ገንዘብ ቆርጦ አልሰጠኝም,complaint
የመለያ ሚስጥር ቃል ማደስ እፈልጋለሁ በኦንላይን ስርዓት,account
ብድር ለመክፈል መረጃ እፈልጋለሁ። ምን ማድረግ አለብኝ,loan
የሞባይል መተግበሪያው አይሰራም በአዳማ በኮል ሴንተር። መፍትሄ እፈልጋለሁ,technical issue
የብድር ወለድ መጠን ምን ያህል ነው,loan
የገንዘብ ማስተላለፊያ ሂደት አልተሳካም,money transfer
የብድር መስፈርቶች ምንድናቸው በባህር ዳር በሞባይል ባንኪንግ,loan
ATM ገንዘብ ቆርጦ አልሰጠኝም,complaint
Transfer አልተሳካም ገንዘብ ተቆርጧል,money transfer
የተሰጠኝ አገልግሎት ደካማ ነበር። መረጃ ይስጡኝ,complaint
የመለያዬን ቁጥር ረሳሁ። ምን ማድረግ አለብኝ,account
ወደ መተግበሪያው መግባት አልቻልኩም። መረጃ ይስጡኝ,technical issue
የገንዘብ መላኪያ ማረጋገጫ አልደረሰኝም በአዳማ በኦንላይን ስርዓት። በፍጥነት እንዲፈታ እፈልጋለሁ,money transfer
ብድር ለመክፈል መረጃ እፈልጋለሁ በአዳማ በሞባይል ባንኪንግ,loan
ገንዘብ ወደ ሌላ መለያ ማስተላለፍ እፈልጋለሁ በአዳማ,money transfer
የግብርና ብድር መውሰድ እፈልጋለሁ በድሬዳዋ በቅርንጫፍ። ምን ማድረግ አለብኝ,loan
የተማሪ ብድር አለ ወይ በጅማ,loan
የተሳሳተ መለያ ላይ ገንዘብ ላክሁ በባህር ዳር። በፍጥነት እንዲፈታ እፈልጋለሁ,money transfer
Mobile banking መተግበሪያው አይከፈትም እባክዎ ይረዱኝ,technical issue
ባንኩ መረጃውን ግልጽ አላደረገም በመቀሌ። እባክዎ ይረዱኝ,complaint
የOTP ኮድ አልደረሰኝም በሞባይል ባንኪንግ። በፍጥነት እንዲፈታ እፈልጋለሁ,technical issue
የኤቲኤም ሲስተም ችግር አለበት በድሬዳዋ,technical issue
መተግበሪያው በጣም ይዘገያል። መረጃ ይስጡኝ,technical issue
መተግበሪያው በጣም ይዘገያል,technical issue
የኤቲኤም ሲስተም ችግር አለበት በሞባይል ባንኪንግ,technical issue
የወቅታዊ መለያ መክፈት እፈልጋለሁ በኦንላይን ስርዓት። በፍጥነት እንዲፈታ እፈልጋለሁ,account
የባንክ ክፍያዎች በጣም ከፍተኛ ናቸው በሞባይል ባንኪንግ። ምን ማድረግ አለብኝ,complaint
መተግበሪያው ሲገባ ይዘጋል በኮል ሴንተር። መረጃ ይስጡኝ,technical issue
መተግበሪያው በጣም ይዘገያል። ምን ማድረግ አለብኝ,technical issue
የገንዘብ ማስተላለፊያ ሂደት አልተሳካም በድሬዳዋ። በፍጥነት እንዲፈታ እፈልጋለሁ,money transfer
OTP code አልደረሰኝም ግብይት ማጠናቀቅ አልቻልኩም,technical issue
የሲስተም ችግር ተፈጥሯል በኮል ሴንተር። እባክዎ ይረዱኝ,technical issue
የዲጂታል ባንኪንግ ምዝገባ አልተሳካም በሞባይል ባንኪንግ,technical issue
የመለያ መክፈቻ ሰነዶች ምንድናቸው በድሬዳዋ። መረጃ ይስጡኝ,account
የተሳሳተ መለያ ላይ ገንዘብ ላክሁ በጅማ,money transfer
የኔትወርክ ችግር በግብይት ጊዜ ተፈጥሯል በኮል ሴንተር,technical issue
የተላከው ገንዘብ መቼ ይደርሳል በድሬዳዋ በኤጀንት ባንኪንግ። እባክዎ ይረዱኝ,money transfer
መተግበሪያው ሲገባ ይዘጋል በቅርንጫፍ። እባክዎ ይረዱኝ,technical issue
የሲስተም ችግር ተፈጥሯል በጅማ። ምን ማድረግ አለብኝ,technical issue
ባንኩ መረጃውን ግልጽ አላደረገም,complaint
የገንዘብ ማስተላለፊያ ሂደት አልተሳካም በኤቲኤም,money transfer
በሞባይል ባንኪንግ ገንዘብ መላክ እፈልጋለሁ በአዲስ አበባ,money transfer
የኔትወርክ ችግር በግብይት ጊዜ ተፈጥሯል በሞባይል ባንኪንግ። መፍትሄ እፈልጋለሁ,technical issue
የሲስተም ችግር ተፈጥሯል በአዳማ በኤቲኤም,technical issue
የሲስተም ችግር ተፈጥሯል። እባክዎ ይረዱኝ,technical issue
የሞባይል መተግበሪያው አይሰራም በኤቲኤም። ምን ማድረግ አለብኝ,technical issue
Transfer አልተሳካም ገንዘብ ተቆርጧል,money transfer
መተግበሪያው በጣም ይዘገያል በጎንደር,technical issue
የOTP ኮድ አልደረሰኝም,technical issue
የዲጂታል ባንኪንግ ምዝገባ አልተሳካም በኤጀንት ባንኪንግ። በፍጥነት እንዲፈታ እፈልጋለሁ,technical issue
Account balance ማየት አልቻልኩም,account
OTP code አልደረሰኝም ግብይት ማጠናቀቅ አልቻልኩም,technical issue
ገንዘብ ተቆርጦ አልደረሰም። መረጃ ይስጡኝ,money transfer
የተላከው ገንዘብ መቼ ይደርሳል በአዳማ,money transfer
በቅርንጫፉ ውስጥ ብዙ ጊዜ ጠበቅሁ በጅማ,complaint
የመለያ ቀሪ ሂሳብ መፈተሽ እፈልጋለሁ በመቀሌ በኤጀንት ባንኪንግ። እባክዎ ይረዱኝ,account
የተላከው ገንዘብ መቼ ይደርሳል በአዲስ አበባ በቅርንጫፍ,money transfer
የባንክ ካርድ ከመለያዬ ጋር ማገናኘት እፈልጋለሁ በጅማ,account
የቅርንጫፍ አገልግሎት የተደራጀ አይደለም በኤቲኤም። እባክዎ ይረዱኝ,complaint
የOTP ኮድ አልደረሰኝም በኦንላይን ስርዓት,technical issue
የቅርንጫፍ አገልግሎት የተደራጀ አይደለም በጅማ በኦንላይን ስርዓት። ምን ማድረግ አለብኝ,complaint
የመለያ ቀሪ ሂሳብ መፈተሽ እፈልጋለሁ በኮል ሴንተር,account
ሰራተኛው በአክብሮት አላገለገለኝም በድሬዳዋ,complaint
የመለያዬን ቁጥር ረሳሁ በአዲስ አበባ በቅርንጫፍ። በፍጥነት እንዲፈታ እፈልጋለሁ,account
የተሰጠኝ አገልግሎት ደካማ ነበር በሞባይል ባንኪንግ,complaint
ወደ ቤተሰቤ ገንዘብ ማስተላለፍ እፈልጋለሁ,money transfer
Transfer አልተሳካም ገንዘብ ተቆርጧል,money transfer
የኔትወርክ ችግር በግብይት ጊዜ ተፈጥሯል በኦንላይን ስርዓት,technical issue
የመለያ መክፈቻ ሰነዶች ምንድናቸው በአዳማ በኤቲኤም,account
የቤት ብድር መረጃ እፈልጋለሁ። በፍጥነት እንዲፈታ እፈልጋለሁ,loan
ሰራተኛው በአክብሮት አላገለገለኝም በጎንደር። መረጃ ይስጡኝ,complaint
የመለያ ቀሪ ሂሳብ መፈተሽ እፈልጋለሁ በድሬዳዋ በኦንላይን ስርዓት,account
የኔትወርክ ችግር በግብይት ጊዜ ተፈጥሯል,technical issue
የተሳሳተ መለያ ላይ ገንዘብ ላክሁ በአዲስ አበባ። እባክዎ ይረዱኝ,money transfer
የገንዘብ ማስተላለፊያ ሂደት አልተሳካም በባህር ዳር በኮል ሴንተር። መፍትሄ እፈልጋለሁ,money transfer
የዲጂታል ባንኪንግ ምዝገባ አልተሳካም በጅማ በኤጀንት ባንኪንግ,technical issue
የተሳሳተ መለያ ላይ ገንዘብ ላክሁ,money transfer
የደንበኛ አገልግሎት በጣም ዘገየ በኮል ሴንተር,complaint
የብድር ወለድ መጠን ምን ያህል ነው በባህር ዳር,loan
የወቅታዊ መለያ መክፈት እፈልጋለሁ በድሬዳዋ በኮል ሴንተር። ምን ማድረግ አለብኝ,account
የተላከው ገንዘብ መቼ ይደርሳል በድሬዳዋ,money transfer
ወደ ቤተሰቤ ገንዘብ ማስተላለፍ እፈልጋለሁ በአዳማ በኤጀንት ባንኪንግ,money transfer
የመለያ ሚስጥር ቃል ማደስ እፈልጋለሁ በሀዋሳ በኦንላይን ስርዓት። እባክዎ ይረዱኝ,account
የገንዘብ ማስተላለፍ ክፍያ ምን ያህል ነው። መረጃ ይስጡኝ,money transfer
Mobile banking መተግበሪያው አይከፈትም እባክዎ ይረዱኝ,technical issue
የኤቲኤም ሲስተም ችግር አለበት። በፍጥነት እንዲፈታ እፈልጋለሁ,technical issue
የደንበኛ አገልግሎት በጣም ዘገየ በጅማ። መረጃ ይስጡኝ,complaint
የውጭ ሀገር ገንዘብ መቀበል እፈልጋለሁ በድሬዳዋ። መፍትሄ እፈልጋለሁ,money transfer
Mobile banking መተግበሪያው አይከፈትም እባክዎ ይረዱኝ,technical issue
የገንዘብ መላኪያ ማረጋገጫ አልደረሰኝም በመቀሌ,money transfer
ሰራተኛው በአክብሮት አላገለገለኝም በባህር ዳር,complaint
በሞባይል ባንኪንግ ገንዘብ መላክ እፈልጋለሁ በባህር ዳር,money transfer
የገንዘብ ማስተላለፊያ ሂደት አልተሳካም በኤቲኤም,money transfer
የቤት ብድር መረጃ እፈልጋለሁ,loan
የገንዘብ ማስተላለፊያ ሂደት አልተሳካም በድሬዳዋ በቅርንጫፍ,money transfer
የወቅታዊ መለያ መክፈት እፈልጋለሁ በጎንደር በሞባይል ባንኪንግ። መፍትሄ እፈልጋለሁ,account
የመለያዬን ቁጥር ረሳሁ በአዳማ,account
የተሰጠኝ አገልግሎት ደካማ ነበር በአዲስ አበባ። ምን ማድረግ አለብኝ,complaint
ቅሬታዬ አልተመለሰም በመቀሌ። መፍትሄ እፈልጋለሁ,complaint
ቅሬታዬ አልተመለሰም በሞባይል ባንኪንግ,complaint
የተላከው ገንዘብ መቼ ይደርሳል በአዳማ በቅርንጫፍ,money transfer
የብድር ወለድ መጠን ምን ያህል ነው በመቀሌ። መረጃ ይስጡኝ,loan
የቤት ብድር መረጃ እፈልጋለሁ በኤጀንት ባንኪንግ,loan
የባንክ ክፍያዎች በጣም ከፍተኛ ናቸው በአዳማ,complaint
ለንግድ ብድር መውሰድ እፈልጋለሁ። በፍጥነት እንዲፈታ እፈልጋለሁ,loan
የባንክ ክፍያዎች በጣም ከፍተኛ ናቸው። መረጃ ይስጡኝ,complaint
የብድር ጥያቄ ማቅረብ እፈልጋለሁ በመቀሌ በኮል ሴንተር። መረጃ ይስጡኝ,loan
OTP code አልደረሰኝም ግብይት ማጠናቀቅ አልቻልኩም,technical issue
መለያዬ ታግዷል እርዳታ እፈልጋለሁ። መረጃ ይስጡኝ,account
ብድር ለመክፈል መረጃ እፈልጋለሁ በአዲስ አበባ በቅርንጫፍ። እባክዎ ይረዱኝ,loan
የባንክ ካርድ ከመለያዬ ጋር ማገናኘት እፈልጋለሁ በሞባይል ባንኪንግ። መፍትሄ እፈልጋለሁ,account
የመለያዬን መረጃ ማዘመን እፈልጋለሁ በድሬዳዋ በሞባይል ባንኪንግ,account
የመለያ ቀሪ ሂሳብ መፈተሽ እፈልጋለሁ በኮል ሴንተር። እባክዎ ይረዱኝ,account
Account balance ማየት አልቻልኩም,account
የቅርንጫፍ አገልግሎት የተደራጀ አይደለም,complaint
ሰራተኛው በአክብሮት አላገለገለኝም በአዲስ አበባ,complaint
ወደ መተግበሪያው መግባት አልቻልኩም። እባክዎ ይረዱኝ,technical issue
በሞባይል ባንኪንግ ገንዘብ መላክ እፈልጋለሁ በመቀሌ,money transfer
በባንኩ አገልግሎት አልተደሰትኩም በአዳማ,complaint
የOTP ኮድ አልደረሰኝም በድሬዳዋ በኤቲኤም,technical issue
የባንክ ካርድ ከመለያዬ ጋር ማገናኘት እፈልጋለሁ በኮል ሴንተር። መፍትሄ እፈልጋለሁ,account
የቤት ብድር መረጃ እፈልጋለሁ,loan
የብድር ወለድ መጠን ምን ያህል ነው,loan
የተሰጠኝ አገልግሎት ደካማ ነበር,complaint
የባንክ ክፍያዎች በጣም ከፍተኛ ናቸው በጎንደር። ምን ማድረግ አለብኝ,complaint
መለያዬ ታግዷል እርዳታ እፈልጋለሁ በኤቲኤም። እባክዎ ይረዱኝ,account
የመለያ ቀሪ ሂሳብ መፈተሽ እፈልጋለሁ በሀዋሳ። ምን ማድረግ አለብኝ,account
የግብርና ብድር መውሰድ እፈልጋለሁ በኤጀንት ባንኪንግ,loan
በሞባይል ባንኪንግ ገንዘብ መላክ እፈልጋለሁ። መፍትሄ እፈልጋለሁ,money transfer
የብድር ሂደት እንዴት ነው። ምን ማድረግ አለብኝ,loan
ገንዘብ ተቆርጦ አልደረሰም በአዳማ። በፍጥነት እንዲፈታ እፈልጋለሁ,money transfer
በቅርንጫፉ ውስጥ ብዙ ጊዜ ጠበቅሁ በሀዋሳ,complaint
የተላከው ገንዘብ መቼ ይደርሳል በአዲስ አበባ በኤጀንት ባንኪንግ። እባክዎ ይረዱኝ,money transfer
መለያዬ ታግዷል እርዳታ እፈልጋለሁ። መረጃ ይስጡኝ,account
የገንዘብ መላኪያ ማረጋገጫ አልደረሰኝም በኤጀንት ባንኪንግ,money transfer
የብድር ጥያቄ ማቅረብ እፈልጋለሁ በቅርንጫፍ,loan
የባንክ ክፍያዎች በጣም ከፍተኛ ናቸው በቅርንጫፍ። መፍትሄ እፈልጋለሁ,complaint
መተግበሪያው በጣም ይዘገያል። እባክዎ ይረዱኝ,technical issue
የሲስተም ችግር ተፈጥሯል። እባክዎ ይረዱኝ,technical issue
የባንክ ካርድ ከመለያዬ ጋር ማገናኘት እፈልጋለሁ በጅማ,account
ATM ገንዘብ ቆርጦ አልሰጠኝም,complaint
ወደ ቤተሰቤ ገንዘብ ማስተላለፍ እፈልጋለሁ በኦንላይን ስርዓት። ምን ማድረግ አለብኝ,money transfer
የተማሪ ብድር አለ ወይ በመቀሌ በኮል ሴንተር,loan
የተሰጠኝ አገልግሎት ደካማ ነበር በአዲስ አበባ በኤቲኤም። በፍጥነት እንዲፈታ እፈልጋለሁ,complaint
የግብርና ብድር መውሰድ እፈልጋለሁ። መረጃ ይስጡኝ,loan
የብድር ማመልከቻዬ ለምን ዘገየ,loan
ገንዘብ ወደ ሌላ መለያ ማስተላለፍ እፈልጋለሁ በኦንላይን ስርዓት። ምን ማድረግ አለብኝ,money transfer
የባንክ ካርድ ከመለያዬ ጋር ማገናኘት እፈልጋለሁ። መረጃ ይስጡኝ,account
የተላከው ገንዘብ መቼ ይደርሳል በጎንደር። በፍጥነት እንዲፈታ እፈልጋለሁ,money transfer
Mobile banking መተግበሪያው አይከፈትም እባክዎ ይረዱኝ,technical issue
የቅርንጫፍ አገልግሎት የተደራጀ አይደለም በቅርንጫፍ። መረጃ ይስጡኝ,complaint
የመለያ ቀሪ ሂሳብ መፈተሽ እፈልጋለሁ በሞባይል ባንኪንግ። መረጃ ይስጡኝ,account
የሲስተም ችግር ተፈጥሯል። መፍትሄ እፈልጋለሁ,technical issue
ሰራተኛው በአክብሮት አላገለገለኝም በኤጀንት ባንኪንግ,complaint
በቅርንጫፉ ውስጥ ብዙ ጊዜ ጠበቅሁ በሞባይል ባንኪንግ። መፍትሄ እፈልጋለሁ,complaint
መተግበሪያው በጣም ይዘገያል,technical issue
በባንኩ አገልግሎት አልተደሰትኩም በቅርንጫፍ,complaint
የብድር ወለድ መጠን ምን ያህል ነው በመቀሌ,loan
የብድር ማመልከቻዬ ለምን ዘገየ በሞባይል ባንኪንግ,loan
የውጭ ሀገር ገንዘብ መቀበል እፈልጋለሁ በሀዋሳ በኤጀንት ባንኪንግ። መፍትሄ እፈልጋለሁ,money transfer
አዲስ የባንክ መለያ መክፈት እፈልጋለሁ በጎንደር በሞባይል ባንኪንግ። እባክዎ ይረዱኝ,account
የዲጂታል ባንኪንግ ምዝገባ አልተሳካም,technical issue
መተግበሪያው በጣም ይዘገያል በድሬዳዋ በኤጀንት ባንኪንግ,technical issue
Loan application ለመሙላት መረጃ እፈልጋለሁ,loan
የኤቲኤም ሲስተም ችግር አለበት በቅርንጫፍ። እባክዎ ይረዱኝ,technical issue
የብድር ማመልከቻዬ ለምን ዘገየ በአዳማ በኤቲኤም። ምን ማድረግ አለብኝ,loan
የኤቲኤም ሲስተም ችግር አለበት በኮል ሴንተር። ምን ማድረግ አለብኝ,technical issue
የገንዘብ ማስተላለፍ ክፍያ ምን ያህል ነው በቅርንጫፍ። በፍጥነት እንዲፈታ እፈልጋለሁ,money transfer
የመለያዬን ቁጥር ረሳሁ በቅርንጫፍ። እባክዎ ይረዱኝ,account
የOTP ኮድ አልደረሰኝም,technical issue
የተሳሳተ መለያ ላይ ገንዘብ ላክሁ። መፍትሄ እፈልጋለሁ,money transfer
የቤት ብድር መረጃ እፈልጋለሁ በድሬዳዋ በኤቲኤም። ምን ማድረግ አለብኝ,loan
የብድር ጥያቄ ማቅረብ እፈልጋለሁ በአዲስ አበባ። እባክዎ ይረዱኝ,loan
የመለያዬን መረጃ ማዘመን እፈልጋለሁ,account
ገንዘብ ተቆርጦ አልደረሰም,money transfer
የመለያዬን መረጃ ማዘመን እፈልጋለሁ። በፍጥነት እንዲፈታ እፈልጋለሁ,account
የOTP ኮድ አልደረሰኝም። መፍትሄ እፈልጋለሁ,technical issue
የብድር ሂደት እንዴት ነው በሀዋሳ። ምን ማድረግ አለብኝ,loan
ገንዘብ ወደ ሌላ መለያ ማስተላለፍ እፈልጋለሁ በኦንላይን ስርዓት,money transfer
የብድር ጥያቄ ማቅረብ እፈልጋለሁ በኤጀንት ባንኪንግ,loan
የውጭ ሀገር ገንዘብ መቀበል እፈልጋለሁ,money transfer
ATM ገንዘብ ቆርጦ አልሰጠኝም,complaint
በቅርንጫፉ ውስጥ ብዙ ጊዜ ጠበቅሁ። እባክዎ ይረዱኝ,complaint
Account balance ማየት አልቻልኩም,account
የገንዘብ ማስተላለፊያ ሂደት አልተሳካም በጅማ በሞባይል ባንኪንግ። መረጃ ይስጡኝ,money transfer
የኔትወርክ ችግር በግብይት ጊዜ ተፈጥሯል በቅርንጫፍ,technical issue
Mobile banking መተግበሪያው አይከፈትም እባክዎ ይረዱኝ,technical issue
የመለያ መክፈቻ ሰነዶች ምንድናቸው በጎንደር በሞባይል ባንኪንግ። እባክዎ ይረዱኝ,account
Account balance ማየት አልቻልኩም,account
የገንዘብ ማስተላለፊያ ሂደት አልተሳካም። መፍትሄ እፈልጋለሁ,money transfer
ኤቲኤም ገንዘብ ቆርጦ አልሰጠኝም በባህር ዳር በኤቲኤም,complaint
ለንግድ ብድር መውሰድ እፈልጋለሁ በሞባይል ባንኪንግ,loan
ባንኩ መረጃውን ግልጽ አላደረገም። በፍጥነት እንዲፈታ እፈልጋለሁ,complaint
ገንዘብ ተቆርጦ አልደረሰም በጎንደር በኤቲኤም,money transfer
የኔትወርክ ችግር በግብይት ጊዜ ተፈጥሯል በኤቲኤም,technical issue
የመለያዬን ቁጥር ረሳሁ በኤቲኤም,account
በቅርንጫፉ ውስጥ ብዙ ጊዜ ጠበቅሁ በጎንደር በኤቲኤም,complaint
የመለያ ሚስጥር ቃል ማደስ እፈልጋለሁ በድሬዳዋ። በፍጥነት እንዲፈታ እፈልጋለሁ,account
Mobile banking መተግበሪያው አይከፈትም እባክዎ ይረዱኝ,technical issue
ገንዘብ ተቆርጦ አልደረሰም። ምን ማድረግ አለብኝ,money transfer
ወደ ቤተሰቤ ገንዘብ ማስተላለፍ እፈልጋለሁ በኦንላይን ስርዓት,money transfer
የብድር ሂደት እንዴት ነው,loan
ብድር ለመክፈል መረጃ እፈልጋለሁ በድሬዳዋ በቅርንጫፍ,loan
የዲጂታል ባንኪንግ ምዝገባ አልተሳካም በሀዋሳ። በፍጥነት እንዲፈታ እፈልጋለሁ,technical issue
አዲስ የባንክ መለያ መክፈት እፈልጋለሁ,account
ኤቲኤም ገንዘብ ቆርጦ አልሰጠኝም። እባክዎ ይረዱኝ,complaint
የብድር ጥያቄ ማቅረብ እፈልጋለሁ በድሬዳዋ። እባክዎ ይረዱኝ,loan
በቅርንጫፉ ውስጥ ብዙ ጊዜ ጠበቅሁ። መረጃ ይስጡኝ,complaint
መተግበሪያው ሲገባ ይዘጋል በጎንደር። እባክዎ ይረዱኝ,technical issue
የመለያዬን ቁጥር ረሳሁ በመቀሌ። መረጃ ይስጡኝ,account
ገንዘብ ወደ ሌላ መለያ ማስተላለፍ እፈልጋለሁ በቅርንጫፍ። መፍትሄ እፈልጋለሁ,money transfer
የሞባይል መተግበሪያው አይሰራም በመቀሌ,technical issue
Loan application ለመሙላት መረጃ እፈልጋለሁ,loan
አዲስ የባንክ መለያ መክፈት እፈልጋለሁ በጅማ። መፍትሄ እፈልጋለሁ,account
የተላከው ገንዘብ መቼ ይደርሳል በአዳማ። ምን ማድረግ አለብኝ,money transfer
የዲጂታል ባንኪንግ ምዝገባ አልተሳካም በአዲስ አበባ። እባክዎ ይረዱኝ,technical issue
የብድር ማመልከቻዬ ለምን ዘገየ,loan
ገንዘብ ተቆርጦ አልደረሰም በጎንደር,money transfer
ባንኩ መረጃውን ግልጽ አላደረገም በሞባይል ባንኪንግ,complaint
የኤቲኤም ሲስተም ችግር አለበት። መረጃ ይስጡኝ,technical issue
የግብርና ብድር መውሰድ እፈልጋለሁ,loan
የዲጂታል ባንኪንግ ምዝገባ አልተሳካም በአዳማ በኮል ሴንተር,technical issue
የቁጠባ መለያ መክፈት እፈልጋለሁ በኤቲኤም። እባክዎ ይረዱኝ,account
የሲስተም ችግር ተፈጥሯል በጅማ በኤጀንት ባንኪንግ,technical issue
የወቅታዊ መለያ መክፈት እፈልጋለሁ በኮል ሴንተር። እባክዎ ይረዱኝ,account
ለንግድ ብድር መውሰድ እፈልጋለሁ በድሬዳዋ። ምን ማድረግ አለብኝ,loan
Mobile banking መተግበሪያው አይከፈትም እባክዎ ይረዱኝ,technical issue
ሰራተኛው በአክብሮት አላገለገለኝም በኦንላይን ስርዓት,complaint
የተሰጠኝ አገልግሎት ደካማ ነበር በጎንደር በኤጀንት ባንኪንግ,complaint
በባንኩ አገልግሎት አልተደሰትኩም በአዳማ በኮል ሴንተር። እባክዎ ይረዱኝ,complaint
ወደ መተግበሪያው መግባት አልቻልኩም በቅርንጫፍ። መፍትሄ እፈልጋለሁ,technical issue
ገንዘብ ተቆርጦ አልደረሰም በሞባይል ባንኪንግ,money transfer
ወደ መተግበሪያው መግባት አልቻልኩም በድሬዳዋ በኤቲኤም,technical issue
ባንኩ መረጃውን ግልጽ አላደረገም በሀዋሳ,complaint
